Store,Model,RMSE,MAE,MAPE,ValidationDays
195,ARIMA,2235.482137535689,1841.5304011996227,18.587735688532316,36
195,PROPHET,2182.6286240316144,1801.1458570742288,17.94287216340895,36
791,ARIMA,2389.184081562361,2088.3096964378633,26.97829225701379,36
791,PROPHET,2137.8725530042598,1792.4291225459967,22.63353781443553,36
1053,ARIMA,2455.3183932232105,2146.6985646419876,28.078706055353475,36
1053,PROPHET,2157.3259094709797,1756.4409922815871,21.653050315731733,36
138,ARIMA,2478.1440261274943,2103.3227070398984,37.60626306478025,36
138,PROPHET,1710.4316199838363,1440.9914308916677,19.643477149015816,36
330,ARIMA,1197.9492572860477,1031.578026841368,30.708498731524596,36
330,PROPHET,1102.6389821911027,897.2852770151769,26.888551361737363,36
85,ARIMA,2259.866464658232,1712.4950849373345,22.85122086992227,42
85,PROPHET,1082.3508310176653,954.0759402912904,14.167805730040023,42
259,ARIMA,2164.685817564666,1742.0508291380802,14.386945580503848,42
259,PROPHET,1134.0165660453592,992.1928381754894,8.245609898306107,42
353,ARIMA,1379.2281473823314,1127.100185937172,17.319778565778762,42
353,PROPHET,750.9110665379173,633.9575724521818,9.32059604425859,42
1081,ARIMA,2457.375481281068,1947.4339620162323,46.788801538852404,42
1081,PROPHET,1513.7780190709948,1222.6237688476772,18.079673286625912,42
682,ARIMA,3423.467372722651,2938.071088011261,31.799479690832914,42
682,PROPHET,1874.3214404056775,1569.1089029556395,13.06943244013288,42
1006,ARIMA,1590.8971535343014,1351.5547862345759,20.275088853609258,36
1006,PROPHET,1472.5725975131204,1289.106647114494,19.445698111433405,36
464,ARIMA,1642.4008449137966,1400.2369280741161,12.78854627214023,36
464,PROPHET,1580.5230166634065,1306.3890525509287,11.797627024062773,36
1070,ARIMA,1757.810088148798,1500.134976631535,22.204212009783753,36
1070,PROPHET,1645.110780327462,1385.918164834916,19.148954106757085,36
196,ARIMA,1301.8469799166903,936.1339936704464,17.777936437265467,36
196,PROPHET,1084.4052497775685,737.520723697978,13.189372843403719,36
852,ARIMA,1420.625430658046,1221.3962860441634,33.438276110774154,36
852,PROPHET,1069.400799668121,888.6302875200272,20.81050966971106,36
772,ARIMA,771.6902949719346,627.9753811313508,16.77298184378978,36
772,PROPHET,733.7708674805401,610.5960749821187,15.748122746869356,36
347,ARIMA,1191.3771829930674,948.7850995991757,20.620352778460006,36
347,PROPHET,929.5148634490199,767.7605230063199,15.21402472336928,36
982,ARIMA,2307.9289596926415,1919.4685875617672,25.186498325828705,36
982,PROPHET,1818.7223840374068,1498.4993659359604,18.722991219255523,36
806,ARIMA,2281.194108725906,2096.951921331613,35.43971191594999,36
806,PROPHET,1895.3979087266157,1677.2808155748878,26.75284272457597,36
515,ARIMA,2138.3966599081295,1715.3906172315483,22.455913551494483,36
515,PROPHET,1755.2172523152476,1519.6639823918624,18.499051564025738,36
1,XGBOOST,839.3084999333129,643.6029663085938,14.964920578401342,36
1,LIGHTGBM,545.6605185200513,460.23000348972397,10.914303148350685,36
2,XGBOOST,1484.7214886415204,1196.4437730577256,27.82790825054912,36
2,LIGHTGBM,1492.3990758108635,1241.5298415113514,28.823748613515786,36
3,XGBOOST,1835.2794682886934,1533.5467936197917,26.24384815020553,36
3,LIGHTGBM,1875.533554822412,1509.4542433606339,26.266682263456527,36
4,XGBOOST,1245.9752058766521,948.8662380642361,9.280408117296767,36
4,LIGHTGBM,1448.4916486194568,1075.3157183953901,9.971336920390383,36
5,XGBOOST,1777.305033078338,1444.1941528320312,44.81278622530376,36
5,LIGHTGBM,1734.9220698166212,1401.2706465336391,43.48535921413378,36
6,XGBOOST,1500.1568696401134,1288.8563232421875,31.739462428732303,36
6,LIGHTGBM,1387.084673985809,1178.1898934157311,29.15214423613115,36
7,XGBOOST,1911.7715891644975,1495.8824191623264,15.766135981176054,36
7,LIGHTGBM,2181.5088483014056,1791.7359650086864,18.201279624514473,36
8,XGBOOST,1647.7449791509976,1351.3470187717014,26.52495188362401,36
8,LIGHTGBM,1800.2634554823169,1468.9940611384402,28.82980127441096,36
9,XGBOOST,1744.641082064289,1484.300754123264,21.04980763870899,36
9,LIGHTGBM,1667.1177438147238,1350.9081712859659,18.762872616891197,36
10,XGBOOST,1343.1772267769925,1053.1414116753472,18.68508165784407,36
10,LIGHTGBM,1243.075918160724,1004.0683192955611,17.841837252834893,36
11,XGBOOST,1318.2358286822575,1008.1083713107639,13.911579743822466,36
11,LIGHTGBM,1415.3820873404845,1106.588247776239,15.229252286400175,36
12,XGBOOST,1837.9301807557317,1492.991726345486,19.800188929152036,36
12,LIGHTGBM,1930.8071703979936,1540.8716075462735,20.123868405053308,36
13,XGBOOST,1434.787550886836,1222.581570095486,27.161682718000485,36
13,LIGHTGBM,1425.1974249906016,1198.3992935824353,26.30617107646069,36
14,XGBOOST,1582.9996686655852,1280.693142361111,27.464206744598957,36
14,LIGHTGBM,1586.9237085278435,1284.0939449105406,27.706440298341935,36
15,XGBOOST,1285.1066189878788,1084.9373236762153,16.738316950039124,36
15,LIGHTGBM,1336.7333477487618,1100.8333554768526,16.399006007709556,36
16,XGBOOST,1527.333478802373,1114.887424045139,15.677623536795263,36
16,LIGHTGBM,1627.4716061699667,1191.8529192725177,16.406160610424,36
17,XGBOOST,2043.991942960901,1622.9754096137153,38.94845410210412,36
17,LIGHTGBM,2100.551358470862,1629.1379758611927,38.31471171212966,36
18,XGBOOST,1667.7981630288054,1399.708740234375,22.356448965091026,36
18,LIGHTGBM,1679.4740078055668,1331.2375873745204,21.286522205453654,36
19,XGBOOST,1990.5404996903746,1751.5353868272568,30.740409995234785,36
19,LIGHTGBM,1957.724061307105,1663.206777170824,29.78973529488755,36
20,XGBOOST,1576.554937698035,1296.5856391059028,17.31510736230338,36
20,LIGHTGBM,1735.3909786089619,1456.0755326471053,18.975799304775357,36
21,XGBOOST,1509.3340372542193,1304.8876274956597,25.977150925848424,36
21,LIGHTGBM,1487.3573758626621,1230.2904307139524,23.37139205733306,36
22,XGBOOST,1370.216274092108,1187.1517876519097,25.731850447228155,36
22,LIGHTGBM,1321.7978878776344,1138.6161853970466,24.638760511706447,36
23,XGBOOST,1646.6504279341598,1480.8531901041667,28.74910719093705,36
23,LIGHTGBM,1588.535007220479,1431.4804717632126,27.707457690965253,36
24,XGBOOST,2661.0087907532616,2224.4085557725693,24.74461243464578,36
24,LIGHTGBM,2504.881706900504,1923.4990466244983,20.491410343107972,36
25,XGBOOST,1947.3776963770756,1584.9899359809028,16.366879500882725,36
25,LIGHTGBM,2058.73617863036,1683.6320655323693,17.392710652440694,36
26,XGBOOST,1482.0601940621398,1229.3698187934028,18.250259165767158,36
26,LIGHTGBM,1550.2550289715164,1247.905985982065,18.604874653047506,36
27,XGBOOST,2942.915574452988,2322.4578993055557,26.90191517125204,36
27,LIGHTGBM,2961.3379239697433,2292.8129969114543,26.033502524119424,36
28,XGBOOST,1660.1238879315645,1369.7735595703125,43.004700573667684,36
28,LIGHTGBM,1698.4109939447892,1371.1739638748231,42.963183278932156,36
29,XGBOOST,2161.612047295884,1804.2973497178818,23.98265972165715,36
29,LIGHTGBM,1933.4176818561116,1546.7792322029616,19.809096911496844,36
30,XGBOOST,1170.1131618891034,971.2138061523438,25.9351599161175,36
30,LIGHTGBM,951.2061233254608,794.1917174915557,21.00902040377041,36
31,XGBOOST,1158.4449024983603,941.2792426215278,17.044304748910776,36
31,LIGHTGBM,891.2089360223312,750.1363859304324,13.259975089604678,36
32,XGBOOST,1101.6418271099913,872.1525472005209,26.075592379588723,36
32,LIGHTGBM,1039.5866171545479,771.8201067029788,23.314940161950684,36
33,XGBOOST,1576.6518890752918,1361.7139350043403,17.505664349036877,36
33,LIGHTGBM,1410.4316476082827,1220.0333547547566,15.356141269328027,36
34,XGBOOST,1076.8908959085068,787.2043185763889,8.936875878675373,36
34,LIGHTGBM,1182.4682419479864,845.3765472315746,9.517270965754227,36
35,XGBOOST,3328.581671366385,2655.2001953125,25.31214682348002,36
35,LIGHTGBM,3457.4120961151184,2831.9171065613527,26.889904003133612,36
36,XGBOOST,1225.1080253609284,971.2394748263889,9.518134256480687,36
36,LIGHTGBM,1297.078671554927,1025.7208158867666,9.803118696348696,36
37,XGBOOST,1121.1578379954394,991.170667860243,15.775092508083713,36
37,LIGHTGBM,1107.7394394174303,978.6278080856371,15.726811036836446,36
38,XGBOOST,1749.8733578276442,1456.6556939019097,24.552224039091573,36
38,LIGHTGBM,1821.6269750907272,1551.7247790717097,26.462725266566366,36
39,XGBOOST,1417.9078325118364,1098.5983005099827,29.786421199296164,36
39,LIGHTGBM,1413.778864685457,1098.0353500923052,29.205782829871076,36
40,XGBOOST,1163.7283822330455,1007.8514539930555,23.307834946085553,36
40,LIGHTGBM,674.2674260408327,570.2657848011033,13.612674416665465,36
41,XGBOOST,1617.7102148746599,1282.6812472873264,24.020238028995987,36
41,LIGHTGBM,1413.747787597052,1078.472527113187,20.190711931657244,36
42,XGBOOST,2700.315554831338,2171.632866753472,22.749455222441714,36
42,LIGHTGBM,2859.7763962680615,2218.7546328405124,23.024377782861364,36
43,XGBOOST,1868.8372494452562,1555.9540879991318,27.317621745081826,36
43,LIGHTGBM,1975.427149488837,1632.6321485681044,28.94450047691144,36
44,XGBOOST,1527.579126841722,1313.6011149088542,29.2681658492415,36
44,LIGHTGBM,1470.2719761025126,1237.7936737479074,27.43149266790546,36
45,XGBOOST,1529.3791286680653,1272.7227105034722,25.152997228629925,36
45,LIGHTGBM,1349.603552144838,1136.9811606635317,22.201621037507838,36
46,XGBOOST,1545.3715019971698,1344.6502956814236,27.58002400679657,36
46,LIGHTGBM,1499.103455428357,1240.7150948767417,25.12530778631843,36
47,XGBOOST,1572.3271810667168,1258.4935438368057,17.880993982337287,36
47,LIGHTGBM,1671.691297171238,1333.8530551529927,18.979107439037904,36
48,XGBOOST,1067.6164533730318,910.1385498046875,29.629177563953196,36
48,LIGHTGBM,655.8306193913558,539.6976104450015,17.327985510014944,36
49,XGBOOST,1234.4648067413682,1029.5889485677083,13.76879251317632,36
49,LIGHTGBM,1145.3529212256406,938.8930897852676,12.282981559587073,36
50,XGBOOST,1398.8640305485485,1217.3248697916667,28.233188643671415,36
50,LIGHTGBM,1295.2712001050438,1144.9471944700615,26.521485539830298,36
51,XGBOOST,1464.6022080878142,1170.6442328559028,17.18838616257738,36
51,LIGHTGBM,1401.105887458075,1137.8513936362779,16.678093544449325,36
52,XGBOOST,1498.7778225383147,1285.830810546875,20.019501905231436,36
52,LIGHTGBM,1397.99053476552,1224.9954072283408,18.73379862295582,36
53,XGBOOST,1237.236236009271,923.657470703125,21.708435663375592,36
53,LIGHTGBM,1142.291596547869,793.0078493396769,19.132697346728747,36
54,XGBOOST,1345.3877157452766,1116.6278754340278,15.452273350122478,36
54,LIGHTGBM,1307.3439842299051,1034.057846156546,14.292465942904064,36
55,XGBOOST,1606.115277737692,1297.5465901692708,31.29700788827939,36
55,LIGHTGBM,1569.0510764248768,1264.6363369113956,30.71808275717772,36
56,XGBOOST,1309.1888199282878,1031.7971055772568,12.826380109226005,36
56,LIGHTGBM,1304.5855750445385,1033.5146779951,12.709932400813193,36
57,XGBOOST,2220.495058074674,1791.1239420572917,22.713148272451367,36
57,LIGHTGBM,2085.267360892502,1568.8521546011991,19.27674340163245,36
58,XGBOOST,1975.0030668141399,1510.34619140625,21.807003249374315,36
58,LIGHTGBM,2061.2237146574043,1549.9120623732242,22.203309019154577,36
59,XGBOOST,1884.0246678227427,1479.6342230902778,38.265342509716035,36
59,LIGHTGBM,1920.647367638886,1526.3990047076265,39.15652690816002,36
60,XGBOOST,2732.4232321479476,2225.5635986328125,30.074045289912643,36
60,LIGHTGBM,2514.484615466291,2018.0066094508807,25.94446358946112,36
61,XGBOOST,1397.3244722980617,1125.9517822265625,21.340802122978225,36
61,LIGHTGBM,1454.7544154648156,1154.904680301075,21.64354468343207,36
62,XGBOOST,1814.223466566466,1449.0799153645833,27.505027577311637,36
62,LIGHTGBM,1932.6789515753542,1537.3248153722097,29.54772778519152,36
63,XGBOOST,1180.9466097954996,983.1970757378472,14.966280172411162,36
63,LIGHTGBM,1164.3209689333216,889.4552985826936,13.227824515735994,36
64,XGBOOST,2058.9792821614533,1739.6666666666667,16.052901145558785,36
64,LIGHTGBM,2076.7463136339256,1739.9435536587928,15.89184907009652,36
65,XGBOOST,1532.738423061225,1260.99365234375,30.087163099589294,36
65,LIGHTGBM,1486.2173284181354,1226.1723926891327,29.00553514433627,36
66,XGBOOST,1157.704641578431,912.973890516493,14.858545883997618,36
66,LIGHTGBM,1060.3963726028167,824.9951773821881,13.100145122565813,36
67,XGBOOST,1708.2601627263468,1355.2559543185764,17.883382327957467,36
67,LIGHTGBM,1847.368392360349,1435.38875351339,18.567193865624475,36
68,XGBOOST,1302.684303629807,1015.5726453993055,11.952186974173694,36
68,LIGHTGBM,1341.3234715742726,1066.796628324898,12.518942289372978,36
69,XGBOOST,1325.1198218104585,1073.5335693359375,11.853809772899712,36
69,LIGHTGBM,1424.5140255075546,1135.252764462876,12.145087946761796,36
70,XGBOOST,1403.427141365679,1258.0205485026042,19.623049751778623,36
70,LIGHTGBM,1388.747615389853,1214.8599027565306,18.95999086258941,36
71,XGBOOST,2296.3021873882253,1969.6755913628472,24.714129343776406,36
71,LIGHTGBM,1985.6224876117778,1588.6052195938864,19.274491901571587,36
72,XGBOOST,1996.9667401184447,1675.381842719184,44.45204398864016,36
72,LIGHTGBM,2005.2005100369586,1694.0660392888356,45.15028261209299,36
73,XGBOOST,1477.259543130915,1221.9248860677083,31.531173552457354,36
73,LIGHTGBM,1343.9921445879922,1072.5253695941044,28.17481116821329,36
74,XGBOOST,1671.7981432704419,1391.600802951389,26.333394501420443,36
74,LIGHTGBM,1803.2706210549118,1513.5985837324329,28.911132762506814,36
75,XGBOOST,956.3054668692287,764.7203233506945,11.705480786936391,36
75,LIGHTGBM,948.3695414391066,784.6615309573067,12.061144206314285,36
76,XGBOOST,1506.2875895624743,1224.7508138020833,13.85984788278808,36
76,LIGHTGBM,1327.0003551551385,997.7957606870605,10.768125499061327,36
77,XGBOOST,1544.1582428235358,1146.590115017361,14.649486067834758,36
77,LIGHTGBM,1638.0796266263214,1203.8237194819044,15.234356439772483,36
78,XGBOOST,884.1565808085335,729.139146592882,23.56356780193015,36
78,LIGHTGBM,843.4444637465814,650.0845060971681,20.11329516476771,36
79,XGBOOST,1478.6236742821825,1315.929958767361,24.373443050513373,36
79,LIGHTGBM,1417.1204681303466,1210.7383870970702,22.194226752789312,36
80,XGBOOST,1492.0533658010283,1213.3785129123264,15.947330416462977,36
80,LIGHTGBM,1469.1142111444915,1188.7419408227654,15.69413116833398,36
81,XGBOOST,1309.7898478371867,1032.5077718098958,13.392142974172675,36
81,LIGHTGBM,1239.0758998969623,983.5392496284383,12.75966204105043,36
82,XGBOOST,2581.059620749084,2059.972601996528,28.340417272887812,36
82,LIGHTGBM,2393.2389322633517,1856.768166763089,25.22127953641158,36
83,XGBOOST,1490.2168556362087,1206.1393093532986,37.03147668078219,36
83,LIGHTGBM,1161.5171682403031,973.8107366913742,30.253766123714236,36
84,XGBOOST,2774.4271846165693,2258.1089680989585,18.286422369046917,36
84,LIGHTGBM,2736.5212276819198,2250.4763853094682,17.997939227272433,36
85,XGBOOST,1241.596524674594,978.8503882998511,13.309939549036972,42
85,LIGHTGBM,1413.442042414779,1122.2639700755283,15.47657703969233,42
86,XGBOOST,1649.8040486433752,1431.1298285590278,35.919368500284804,36
86,LIGHTGBM,1558.2353476427675,1317.2266014567665,33.43538666711318,36
87,XGBOOST,1659.9419449591883,1386.3159857855903,26.049121643560447,36
87,LIGHTGBM,1827.5353779661586,1535.562056230584,29.11701831939843,36
88,XGBOOST,2250.471568286343,1725.71923828125,46.952129606248214,36
88,LIGHTGBM,2331.1074192374112,1782.4558421163026,48.634317062087476,36
89,XGBOOST,1389.4752937322141,1115.2382948133682,19.610667556581802,36
89,LIGHTGBM,1488.1985791780323,1197.8674294837363,21.08271349555947,36
90,XGBOOST,1656.1938724895053,1286.4404975043403,16.35283288676287,36
90,LIGHTGBM,1559.012223687827,1219.7918044303904,15.277280230433215,36
91,XGBOOST,1078.923722378566,926.9439290364584,19.66126133581076,36
91,LIGHTGBM,1156.0606004901238,975.8753781684832,20.984401811119813,36
92,XGBOOST,1564.6935541101798,1360.7761908637153,23.388758734193964,36
92,LIGHTGBM,1652.0323236353943,1435.2527535448037,24.645502020902605,36
93,XGBOOST,2164.4695605715156,1762.4573838975693,39.85286539117518,36
93,LIGHTGBM,2333.4042086155823,1886.3722282195963,42.84239616806674,36
94,XGBOOST,1641.5097536120695,1459.6322428385417,21.484213696699886,36
94,LIGHTGBM,1678.8527092045224,1417.265274557221,20.74642551816466,36
95,XGBOOST,1817.2737023277818,1501.7042236328125,25.304285474155463,36
95,LIGHTGBM,1895.7449515565147,1572.4765025810325,26.86081085003933,36
96,XGBOOST,1965.4871077535172,1556.9826253255208,44.88363147890335,36
96,LIGHTGBM,2036.6249283935479,1636.7141375495282,46.43020770074309,36
97,XGBOOST,1790.6022139247889,1516.8765869140625,24.167027259074857,36
97,LIGHTGBM,1886.6944776052121,1556.769509592123,25.10485554912037,36
98,XGBOOST,1357.2556631601187,1134.7335611979167,20.922382645671416,36
98,LIGHTGBM,1188.2881682468774,984.4740785067235,17.446695199493504,36
99,XGBOOST,1522.9807379332744,1279.4646538628472,24.41428253672141,36
99,LIGHTGBM,1308.023884909649,1121.0004989420474,21.117220449214706,36
100,XGBOOST,1363.5136258184277,1093.0494249131943,13.599131543572918,36
100,LIGHTGBM,1353.0249139403295,1053.8851654920716,12.947284863412136,36
101,XGBOOST,1154.8266581452217,949.4416232638889,12.991608329699128,36
101,LIGHTGBM,1225.5791978137263,965.0994431590768,12.940588530159602,36
102,XGBOOST,1872.3001803739023,1643.6301947699653,26.250201780915273,36
102,LIGHTGBM,1984.4987222701159,1743.9519008544003,28.043882273117116,36
103,XGBOOST,1297.0517079863575,976.6004231770834,21.334386174479032,36
103,LIGHTGBM,1077.1211157417383,820.221857349646,17.775275685865747,36
104,XGBOOST,1303.3945941877594,1096.921115451389,10.37999855602487,36
104,LIGHTGBM,1389.1697336326843,1118.3813685308096,10.877863457483882,36
105,XGBOOST,1434.122514879566,1175.744601779514,26.677109224276418,36
105,LIGHTGBM,1424.3028526663666,1131.6313180637082,25.6594335918081,36
106,XGBOOST,1690.4144861627633,1269.0450846354167,16.187740131151724,36
106,LIGHTGBM,1543.26874383983,1227.519147748109,15.374037769263929,36
107,XGBOOST,973.652705503788,787.3277723524305,10.084419196321964,36
107,LIGHTGBM,890.5305501404905,717.5087760088021,9.225853970057397,36
108,XGBOOST,2035.971164707441,1563.6453721788193,12.80525685444733,36
108,LIGHTGBM,2078.9020893900015,1613.0916979876777,13.064709796770218,36
109,XGBOOST,1352.0479561910852,1126.1449788411458,18.178475243017534,36
109,LIGHTGBM,1356.087244554543,1118.2892666466678,18.225926705509632,36
110,XGBOOST,970.3694349821369,788.444810655382,18.674720875724045,36
110,LIGHTGBM,1089.3803752720235,868.2390129366227,19.20619490562284,36
111,XGBOOST,1380.4738178300381,1199.8341200086807,18.495449861021424,36
111,LIGHTGBM,1385.3670045466663,1247.4580302120323,19.103579477860958,36
112,XGBOOST,1177.1960513817726,895.0887451171875,13.819400578127878,36
112,LIGHTGBM,1175.7635498433876,927.044999250215,14.379052832197688,36
113,XGBOOST,1440.1381991396283,1181.169189453125,21.333372191186303,36
113,LIGHTGBM,1095.17553244349,851.3354993554052,15.25468678078957,36
114,XGBOOST,1384.8220089356428,1182.7306450737847,24.008883421099117,36
114,LIGHTGBM,1272.387913658281,1082.6804982717604,21.46398610266102,36
115,XGBOOST,1512.0193030659957,1240.1228569878472,15.429230188477383,36
115,LIGHTGBM,1498.3029198867532,1234.753285809063,15.374403713084995,36
116,XGBOOST,1308.6218207340073,1117.9016248914932,16.003660204084593,36
116,LIGHTGBM,1337.7384127532932,1142.7304523742027,16.63751789811273,36
117,XGBOOST,1126.2371949211588,903.7993435329861,30.53034558164393,36
117,LIGHTGBM,996.3433754451198,830.8282791079089,28.030283238851066,36
118,XGBOOST,1811.4668309193978,1277.142062717014,14.600306598652319,36
118,LIGHTGBM,1880.097496551397,1286.5372419792222,14.506136563884567,36
119,XGBOOST,1534.3021607414582,1279.2889946831597,22.97726205808381,36
119,LIGHTGBM,1374.5992797035487,1128.8655771421968,20.178312493569393,36
120,XGBOOST,1626.8918458439418,1304.1930202907986,18.402883892968113,36
120,LIGHTGBM,1665.0128361071727,1344.537296943564,19.06786325953422,36
121,XGBOOST,1629.4292178661624,1311.4249403211807,40.66549458432813,36
121,LIGHTGBM,1549.0091421971042,1242.8043979819279,39.10290126496421,36
122,XGBOOST,1636.5495520338673,1213.2781168619792,14.996901762869363,42
122,LIGHTGBM,1748.4386006739787,1245.9414531662862,15.450015314294802,42
123,XGBOOST,2307.2584468260957,1644.6477728949653,30.571399560799666,36
123,LIGHTGBM,2328.4893854139004,1668.111874523786,30.751495517420775,36
124,XGBOOST,1727.683978604517,1402.6261528862847,38.69152602604797,36
124,LIGHTGBM,1670.035687167564,1335.2202337847148,37.796093590129196,36
125,XGBOOST,2487.0002187455857,1865.882568359375,15.492444614691511,36
125,LIGHTGBM,2332.3134704464555,1781.5044243736072,14.994829686994477,36
126,XGBOOST,1452.4517135951703,1275.9005398220486,27.245608028351892,36
126,LIGHTGBM,1428.9854685827256,1239.4425277244547,26.47882314877802,36
127,XGBOOST,1399.365487024745,1151.0383843315972,23.289076490757786,36
127,LIGHTGBM,1420.2442679268888,1150.4948970601006,23.04455462501082,36
128,XGBOOST,1637.7579175003902,1134.336642795139,12.552789860688584,36
128,LIGHTGBM,1700.8278335954822,1229.9059935860832,13.751434318743819,36
129,XGBOOST,1875.42830580571,1654.1135118272568,20.650600572406237,36
129,LIGHTGBM,1856.221340492876,1614.3710670943126,19.8704006446658,36
130,XGBOOST,1301.8319521182802,988.7957085503472,19.27658172460327,36
130,LIGHTGBM,1221.1561477488676,943.653799988404,18.44879264696869,36
131,XGBOOST,1812.4210883766934,1449.3798149956597,31.091604475768786,36
131,LIGHTGBM,1634.6066006884248,1319.0179521346715,28.2807010860102,36
132,XGBOOST,1208.574412944313,945.7588297526041,12.64045364301819,36
132,LIGHTGBM,1167.0631592379818,889.203964096335,11.89627171593401,36
133,XGBOOST,1604.9736701460768,1257.2681342230903,28.49870286453679,36
133,LIGHTGBM,1660.793572040381,1297.0307993042672,29.560008547656043,36
134,XGBOOST,1414.0692584496605,1053.2520548502605,26.38936379012815,36
134,LIGHTGBM,1349.0455658658384,1046.050230822832,26.30678890798972,36
135,XGBOOST,1344.46064074981,1052.3524576822917,17.214183678834292,36
135,LIGHTGBM,1483.5140378420285,1174.5736006169077,19.103821449951095,36
136,XGBOOST,1367.6122990491604,1226.9199354383682,24.338730316093233,36
136,LIGHTGBM,1305.9429185208032,1139.0410054647755,22.463606855477895,36
137,XGBOOST,2064.477055343041,1709.5394965277778,24.625490942377475,36
137,LIGHTGBM,1922.494869037008,1597.4795400129813,22.957006652850566,36
138,XGBOOST,2152.638942900798,1587.1351047092014,30.918724075826354,36
138,LIGHTGBM,2225.6962339819233,1605.8968142238712,31.440450670601223,36
139,XGBOOST,1859.3969213221221,1507.8474934895833,27.24915955406535,36
139,LIGHTGBM,1942.3307960288269,1600.5461993099007,28.93052964169821,36
140,XGBOOST,1230.1116582877578,948.8209092881945,12.790705374738417,36
140,LIGHTGBM,1267.2701317904284,995.4782747746124,13.344540948052785,36
141,XGBOOST,1308.4860362064196,1188.7382948133682,22.941617020371933,36
141,LIGHTGBM,1222.7912159209418,1060.9526704209125,20.35667737179526,36
142,XGBOOST,1455.5849167664314,1153.2518717447917,29.66371442022852,36
142,LIGHTGBM,1212.7427431657843,982.9246480749773,25.668275372022435,36
143,XGBOOST,1683.793244803467,1512.0856797960068,25.35862468626138,36
143,LIGHTGBM,1709.4693599645727,1536.1419506690113,25.806529228894746,36
144,XGBOOST,1469.5795805710395,1185.716064453125,16.707482184795587,36
144,LIGHTGBM,1420.3565272076464,1149.228138528994,16.248627120692973,36
145,XGBOOST,1347.49520312394,961.3849826388889,12.048969198687875,36
145,LIGHTGBM,1372.256726212645,1011.8028525517707,12.964542114885603,36
146,XGBOOST,1787.1283757835465,1512.1100124782986,19.33899599108447,36
146,LIGHTGBM,1672.6784624037884,1356.1214375946001,16.72144566789777,36
147,XGBOOST,1538.9270542327524,1355.032687717014,17.91190266299167,36
147,LIGHTGBM,1372.6592106254188,1146.8178036421136,14.655289094276858,36
148,XGBOOST,1720.0335505168384,1443.3024359809028,17.12167812159143,36
148,LIGHTGBM,1496.9114234500676,1261.5457530472122,14.800450838643167,36
149,XGBOOST,1676.8178460917159,1407.3911539713542,28.637778340689064,36
149,LIGHTGBM,1733.89995263311,1452.828661601644,29.609471199501257,36
150,XGBOOST,1375.413734448171,1004.330824110243,11.039335684996013,36
150,LIGHTGBM,1513.2423408048498,1037.549191602461,11.029641887999814,36
151,XGBOOST,1356.9554103433818,1127.7559000651042,16.215704244796093,36
151,LIGHTGBM,1417.636848490378,1168.890727683019,17.064670628319142,36
152,XGBOOST,1737.0388674157525,1483.9232449001736,33.16181273896374,36
152,LIGHTGBM,1735.611039440181,1469.3346470425583,33.08748577064923,36
153,XGBOOST,2044.0640467642309,1819.820583767361,38.73421781085076,36
153,LIGHTGBM,2204.999897981885,1907.9360610015974,41.305791936406266,36
154,XGBOOST,1907.8322721358254,1598.7827284071182,18.24746437786414,36
154,LIGHTGBM,1700.5099419688154,1344.5973844772475,15.020440509507305,36
155,XGBOOST,1743.236184952048,1390.6786702473958,22.11448148182904,36
155,LIGHTGBM,1792.5709457109238,1436.397397598742,23.079025563581297,36
156,XGBOOST,2190.8426706735986,1706.3958875868057,39.68224440808431,36
156,LIGHTGBM,2396.389533694012,1858.8701524251078,44.28323659342828,36
157,XGBOOST,2315.626131477091,1975.5284559461807,22.050049681783364,36
157,LIGHTGBM,2376.8037651621144,1982.3620018280553,21.95052743553155,36
158,XGBOOST,1172.3690534372895,964.2847493489584,12.10397220063025,36
158,LIGHTGBM,1148.514090575386,932.0510129957242,11.843084175878094,36
159,XGBOOST,1709.9884282855865,1450.831271701389,18.763185385912738,36
159,LIGHTGBM,1702.1974036617264,1446.9175775778194,18.6722222819543,36
160,XGBOOST,1293.325871950257,1130.0263807508682,20.924301221021405,36
160,LIGHTGBM,1069.6486032266855,939.0771662979436,17.463383716389355,36
161,XGBOOST,1491.7061787246976,1214.8357883029514,17.56725960274059,36
161,LIGHTGBM,1318.6620822881725,1059.6820940420514,15.397575792052379,36
162,XGBOOST,1849.7655490447703,1406.5278184678818,17.837359181783697,36
162,LIGHTGBM,1946.5976472793104,1520.41751928319,19.359680998842517,36
163,XGBOOST,1397.0827125966823,1086.4445665147568,17.200730927439135,36
163,LIGHTGBM,1470.4856666349094,1146.2449190560465,18.41484561435351,36
164,XGBOOST,1884.07165120758,1636.3764512803818,27.279797304201292,36
164,LIGHTGBM,1937.5038259548153,1647.2297524070445,27.883389585062197,36
165,XGBOOST,913.1306791093707,752.3984917534722,20.40416700420086,36
165,LIGHTGBM,788.6168743150847,649.1772300837978,17.668039831467063,36
166,XGBOOST,1299.6938923929945,1086.440158420139,19.931581786162596,36
166,LIGHTGBM,1137.280362158412,912.5717353606196,16.53768881621282,36
167,XGBOOST,2442.267894160418,1822.3568929036458,25.0363945248959,36
167,LIGHTGBM,2467.390339554011,1826.3096603205709,24.647348646135146,36
168,XGBOOST,1853.8159033186735,1386.2913411458333,20.682104550723626,36
168,LIGHTGBM,1925.2948079419289,1444.661144801968,21.44704924050358,36
169,XGBOOST,1316.5734311106053,1137.5892198350693,20.598110747494772,36
169,LIGHTGBM,1343.5002365700932,1157.934873650184,21.203686781679465,36
170,XGBOOST,979.1920764121226,750.4674886067709,19.837525654613007,36
170,LIGHTGBM,1011.87254614511,767.5713326794832,20.588274064413618,36
171,XGBOOST,2188.396858374782,1860.5237494574653,25.179907196060835,36
171,LIGHTGBM,1984.6288814100844,1684.4254881271524,22.968907588628074,36
172,XGBOOST,1248.397124356419,887.8626030815972,12.575652505841495,36
172,LIGHTGBM,1080.0318776903766,786.7872906528244,11.21652436927968,36
173,XGBOOST,1616.729472675838,1359.2024061414932,17.676478972597753,36
173,LIGHTGBM,1646.5265213910877,1394.6112724614632,18.30856640685062,36
174,XGBOOST,1485.7046757221306,1103.7432454427083,18.446657295818667,36
174,LIGHTGBM,1528.0703242579195,1192.8345813283233,20.01516832834626,36
175,XGBOOST,1106.6048610300659,898.5396999782986,15.619512775106612,36
175,LIGHTGBM,1002.0329962590977,809.47292479108,14.01529761269532,36
176,XGBOOST,1762.8477075190972,1476.676052517361,36.58402664345496,36
176,LIGHTGBM,1704.3740877513633,1403.1149262995445,34.88565108039508,36
177,XGBOOST,1157.684651791432,907.7039998372396,34.73444169730552,36
177,LIGHTGBM,1132.8917077977414,816.2312795341475,31.332072499759434,36
178,XGBOOST,2331.3764941214117,1845.797390407986,20.2825927312474,36
178,LIGHTGBM,2238.4105102164244,1752.312593535173,18.92883416462457,36
179,XGBOOST,1667.2887982669274,1364.5545247395833,20.22219862588678,36
179,LIGHTGBM,1718.0174775712997,1429.4782795914339,21.170176331803678,36
180,XGBOOST,1310.717769399703,1038.6150037977432,14.352689032303461,36
180,LIGHTGBM,1313.1459481724278,1098.7420519417565,15.388025173796107,36
181,XGBOOST,2017.779608322968,1750.4158935546875,34.20542018750424,36
181,LIGHTGBM,2190.7649356943994,1905.3854944170869,37.784396218427425,36
182,XGBOOST,1470.3331191431823,1282.16552734375,24.602274108934974,36
182,LIGHTGBM,1349.5616915534474,1206.28657693269,22.629098264315505,36
183,XGBOOST,4619.2198807510085,4254.6642200100805,83.45628032370597,31
183,LIGHTGBM,4414.804110785288,4091.527030841043,80.7456563987152,31
184,XGBOOST,1813.2839288808068,1575.7354329427083,26.294499770190654,36
184,LIGHTGBM,1754.3128593000815,1533.1927705219234,25.455743704886757,36
185,XGBOOST,1702.7768196401487,1507.8032633463542,24.989526474872488,36
185,LIGHTGBM,1757.0265058810414,1525.1217627919816,25.51070071916287,36
186,XGBOOST,991.8508843228386,878.3610568576389,23.044035471531654,36
186,LIGHTGBM,931.8438500890616,848.4537997721803,22.368087462961597,36
187,XGBOOST,1459.0399306635234,1213.9930284288193,22.211122106412596,36
187,LIGHTGBM,1419.804067753137,1134.482737500971,20.967554163396713,36
188,XGBOOST,1272.9016389581263,1133.5509440104167,22.978680204771443,36
188,LIGHTGBM,1277.9113096548037,1121.7596315442458,22.3654244029705,36
189,XGBOOST,1326.1290179441298,1103.6638726128472,13.850192844659079,36
189,LIGHTGBM,1324.4836330566259,1079.189338457463,13.417224404429282,36
190,XGBOOST,1243.8440273517103,974.437486436632,12.182246303835413,36
190,LIGHTGBM,1285.212274494409,1026.2618102055833,12.809728105414772,36
191,XGBOOST,1119.5611762343972,945.4539116753472,13.748692031876244,36
191,LIGHTGBM,1105.3064161117181,949.2428066007019,14.033677734432123,36
192,XGBOOST,2570.557929474646,2120.281195746528,16.162954432962277,36
192,LIGHTGBM,2656.3535646185796,2174.406288927366,17.144723022802886,36
193,XGBOOST,1462.1995919752894,1251.0126953125,24.596092194279638,36
193,LIGHTGBM,1388.826435437609,1193.68091175474,23.514675473189847,36
194,XGBOOST,1206.889720527166,1019.0644938151041,20.798822079579875,36
194,LIGHTGBM,1014.188924121839,851.4937365090555,17.360792763994283,36
195,XGBOOST,2161.5917974576414,1867.6538628472222,18.5726548630336,36
195,LIGHTGBM,2176.5338268395762,1899.7167306162987,18.887058595488934,36
196,XGBOOST,1321.4541954719452,1069.9646945529514,21.14125308675453,36
196,LIGHTGBM,1312.2186604770802,1064.0357547617702,20.933688337457788,36
197,XGBOOST,1126.9531358878144,949.3886311848959,14.903678142043777,36
197,LIGHTGBM,1197.2816499678165,1033.1030457752124,16.38632546596938,36
198,XGBOOST,1444.6397222277283,1251.2553371853298,77.4517893815831,36
198,LIGHTGBM,1214.8028141187974,985.8533598109698,62.158868871091485,36
199,XGBOOST,1537.5028510388656,1294.7432590060764,16.062187709311317,36
199,LIGHTGBM,1538.8112586477357,1201.8978830386154,14.480007618507603,36
200,XGBOOST,1436.6469269822987,1129.37451171875,16.21543340954999,36
200,LIGHTGBM,1474.7323829154805,1150.321280549896,16.66278522421939,36
201,XGBOOST,1040.6866297901438,829.5067138671875,15.887555457253027,36
201,LIGHTGBM,1044.5255846285402,859.7154869428969,16.26432534348273,36
202,XGBOOST,1195.7857815700174,944.8877360026041,14.574421971483867,36
202,LIGHTGBM,1119.12888147777,891.0667936920812,13.7526458560041,36
203,XGBOOST,1436.064751025812,1120.5117594401042,16.81304282058598,36
203,LIGHTGBM,1368.6252978543098,1095.1017596101067,16.23866279368836,36
204,XGBOOST,1128.503650838262,886.6920166015625,15.817320058626343,36
204,LIGHTGBM,1114.4322319956648,892.9671522274397,16.07370003928726,36
205,XGBOOST,1242.4496679462688,1097.2070855034722,17.513891910728876,36
205,LIGHTGBM,1368.6313735706094,1204.595493539367,19.245330796494965,36
206,XGBOOST,2403.57812821957,1985.8050265842014,30.273851025207243,36
206,LIGHTGBM,2359.415357187329,1893.24111954623,28.68122330234445,36
207,XGBOOST,2875.7376033369073,2352.4595811631943,21.33648110890997,36
207,LIGHTGBM,2799.375037744766,2330.0847111243934,21.544995278037817,36
208,XGBOOST,895.6104812278697,774.1460842556423,26.496078465256545,36
208,LIGHTGBM,445.40851336136086,329.86316585900073,10.41692303297468,36
209,XGBOOST,1015.6251826403723,727.5083937872024,12.612245728978289,42
209,LIGHTGBM,1194.3408876738993,838.4126389891895,14.386811779685674,42
210,XGBOOST,1044.549850288215,980.6907687717014,35.91937756664994,36
210,LIGHTGBM,555.4847481438125,483.2974183940569,18.28690232152588,36
211,XGBOOST,3404.6841711140837,2832.8122287326387,22.24316744185296,36
211,LIGHTGBM,3229.584367762733,2749.1050009252335,21.491964010516142,36
212,XGBOOST,1428.3460736522095,1208.9511379665798,28.92406149901338,36
212,LIGHTGBM,1240.4078657440343,1036.3710997491678,24.883966818847394,36
213,XGBOOST,1852.369420120425,1583.9824761284722,19.376768482544684,36
213,LIGHTGBM,1734.9338786811054,1406.513941267585,16.921060013792268,36
214,XGBOOST,2028.8248837315568,1777.6610514322917,19.981769060006467,36
214,LIGHTGBM,1869.916408935559,1576.4340947434766,17.581612170265753,36
215,XGBOOST,1551.4522764392211,1338.5248616536458,23.598746875104133,36
215,LIGHTGBM,1586.4274860836783,1401.9604445172583,24.981744923149225,36
216,XGBOOST,1097.107096018921,907.280029296875,13.821083466606806,36
216,LIGHTGBM,1192.9133938093516,993.2451478512719,15.201080640324694,36
217,XGBOOST,1111.1056769584127,894.209716796875,18.967231741849044,36
217,LIGHTGBM,998.588878835406,797.2260437470566,16.824542644867513,36
218,XGBOOST,1752.136048063007,1359.2306586371528,43.23304998039617,36
218,LIGHTGBM,1712.4832380719995,1290.8901472484927,42.317865781808685,36
219,XGBOOST,1071.5795771443563,867.9506022135416,34.414072135363064,36
219,LIGHTGBM,726.3286158123291,571.8125123158676,23.207151259772502,36
220,XGBOOST,1497.0936190475313,1240.833523220486,29.377446799637287,36
220,LIGHTGBM,1411.514266168466,1172.693234548852,27.838360510511862,36
221,XGBOOST,989.6594417255458,804.0179036458334,13.163462986128213,36
221,LIGHTGBM,830.956321074165,665.8924478032736,10.627117314511331,36
222,XGBOOST,1732.1585126197745,1459.8675808376736,35.14832887256488,36
222,LIGHTGBM,1613.379532731693,1345.1166914826724,32.81763874988639,36
223,XGBOOST,1675.578865172035,1354.5445285373264,19.80016460372303,36
223,LIGHTGBM,1718.7716399305812,1365.37621723555,19.870671140301653,36
224,XGBOOST,1450.7651723752851,1127.5456678602432,14.595464507295574,36
224,LIGHTGBM,1485.3924503193605,1126.857976188386,14.47801820068755,36
225,XGBOOST,1214.5647574490235,1010.2357449001736,21.607188574946985,36
225,LIGHTGBM,1171.5852017285752,950.1441419375632,20.3194393974848,36
226,XGBOOST,1486.2424955931538,1246.5738796657986,19.590543655031475,36
226,LIGHTGBM,1538.1128090777052,1281.9016049187558,20.407288590208406,36
227,XGBOOST,1659.5728658062426,1353.4177788628472,25.063117841213767,36
227,LIGHTGBM,1767.19175516806,1462.691156291137,27.216885078345328,36
228,XGBOOST,1298.2819635878323,1074.6593017578125,13.781500610213335,36
228,LIGHTGBM,1065.0961553899526,864.9964826541691,10.731444071579986,36
229,XGBOOST,1614.3183761792698,1482.4472249348958,17.513735695259605,36
229,LIGHTGBM,1504.6420698925792,1231.6935297742389,13.780749980956353,36
230,XGBOOST,1108.1232409586926,842.5566677517361,10.933662517284938,36
230,LIGHTGBM,1171.3143193582757,898.2143432264891,11.63002339045198,36
231,XGBOOST,1359.312618697044,1221.4261338975693,27.710699652966376,36
231,LIGHTGBM,1232.1386202301112,1105.5601873937749,25.273345156190242,36
232,XGBOOST,917.6461929693571,796.9711507161459,23.291106462415772,36
232,LIGHTGBM,813.6380359874522,686.0958072116202,20.351525510481626,36
233,XGBOOST,1476.142389680726,1180.9375813802083,12.477111874396662,36
233,LIGHTGBM,1373.3500637776242,1124.7307528049885,11.686324061418766,36
234,XGBOOST,3250.8800731674974,2861.9016384548613,29.84844201148662,36
234,LIGHTGBM,3360.4467896083747,3022.9861974847745,31.821224061427,36
235,XGBOOST,1787.914393967852,1532.9620496961807,31.55782437934117,36
235,LIGHTGBM,1888.8049866359963,1648.3617990559421,34.23718481896392,36
236,XGBOOST,1550.1712158917207,1218.591579861111,19.1178557723749,36
236,LIGHTGBM,1613.132902276728,1277.3737750071232,20.184880420773997,36
237,XGBOOST,1433.7702286018541,1070.7047661675347,24.612310424229676,36
237,LIGHTGBM,1328.921335362231,1001.1346184415418,23.17279141370672,36
238,XGBOOST,1467.2799635401966,1172.4331868489583,18.386092857413054,36
238,LIGHTGBM,1530.7616116721083,1210.8125638450106,19.288519674577046,36
239,XGBOOST,1718.0023830916716,1519.9749077690972,31.379597261114316,36
239,LIGHTGBM,1535.2313246627975,1370.0988432255335,28.23097847882475,36
240,XGBOOST,1620.6012528016613,1344.7900254991318,30.133459213976455,36
240,LIGHTGBM,1383.7089094285254,1149.266016221629,25.845798952340015,36
241,XGBOOST,1574.314610079294,1313.1015625,21.038088432090728,36
241,LIGHTGBM,1487.6863253580075,1311.62555081681,21.144883465521406,36
242,XGBOOST,1402.6920158230919,1221.1344536675347,32.59573542036734,36
242,LIGHTGBM,1340.215420462507,1149.6720116058596,30.604459010331414,36
243,XGBOOST,1732.0498570416883,1553.2993977864583,24.769329269547015,36
243,LIGHTGBM,1886.4350909019345,1715.8018718630753,28.01105685747937,36
244,XGBOOST,2143.128919709359,1891.4222140842014,38.68573869030637,36
244,LIGHTGBM,2183.7751973669187,1939.335043164644,40.08465385138616,36
245,XGBOOST,1088.3204971471112,832.7290310329861,8.401370369962342,36
245,LIGHTGBM,1015.0362276601459,787.3152267193922,7.976592225631143,36
246,XGBOOST,1138.527185703671,917.2737494574653,12.910564803147098,36
246,LIGHTGBM,1168.3090668989507,975.8575489590489,13.971814671994986,36
247,XGBOOST,1395.8532718477743,1132.53759765625,15.095780802235476,36
247,LIGHTGBM,1599.404977247601,1323.8132694202707,17.179095819636725,36
248,XGBOOST,1185.5079818597703,877.1200086805555,10.569227862126077,36
248,LIGHTGBM,1267.6133565315654,928.4282742505062,11.244996296730484,36
249,XGBOOST,1307.7550499533822,1073.903049045139,21.425885959995945,36
249,LIGHTGBM,1059.7070411256768,855.9459235176677,17.270415427540627,36
250,XGBOOST,2176.555931604279,1855.8828938802083,22.057783558197443,36
250,LIGHTGBM,1943.8935736621202,1560.3420857417032,17.910233891659537,36
251,XGBOOST,2681.9950401335664,2002.536376953125,10.626991684603816,36
251,LIGHTGBM,2614.7447155050945,1915.3423934844993,10.325902514361655,36
252,XGBOOST,2500.650558162066,2099.2379557291665,21.56103403903162,36
252,LIGHTGBM,2595.2882795164637,2179.233788554063,22.235419814437034,36
253,XGBOOST,1825.8404900567168,1631.959445529514,34.00086618021065,36
253,LIGHTGBM,1815.7823553325863,1569.175572029261,32.38155395159457,36
254,XGBOOST,1102.6109236771244,938.7905069986979,32.73385141027857,36
254,LIGHTGBM,821.2827092510084,720.0053313981205,25.183047073841248,36
255,XGBOOST,1245.6630132605285,1084.57763671875,18.319708688308104,36
255,LIGHTGBM,1219.743956017152,1070.1039246059827,18.09897550660643,36
256,XGBOOST,1917.9143100283795,1572.2301839192708,21.29600198418158,36
256,LIGHTGBM,1904.6124684410256,1506.2323706239872,19.709939746049788,36
257,XGBOOST,1336.9208959429707,1051.6563245985244,26.904805051818492,36
257,LIGHTGBM,1339.4405363530202,1032.2670276483998,26.907159200494156,36
258,XGBOOST,1389.2659439389297,1112.3238389756943,19.803480736598758,36
258,LIGHTGBM,1274.0443710648542,1028.7276592633727,18.30559090511138,36
259,XGBOOST,1106.4313348625617,838.9801199776786,6.479890239871717,42
259,LIGHTGBM,1465.0680772487694,1201.7582323318586,9.824641185218583,42
260,XGBOOST,1137.92448105807,796.4723442925347,12.756838239071561,36
260,LIGHTGBM,1266.2419245851916,911.9719648435358,14.732624514256084,36
261,XGBOOST,3993.2739058775633,3201.943305121528,29.39395362391898,36
261,LIGHTGBM,3913.7660073953316,3066.3402787821497,27.661469971672336,36
262,XGBOOST,2107.5942874352413,1524.4371512276787,6.789279611482097,42
262,LIGHTGBM,1959.8848050041572,1434.5356130021344,6.490506047910449,42
263,XGBOOST,1225.2865801127055,1013.6376478407118,23.588116013076522,36
263,LIGHTGBM,882.8073357110715,762.6069267098475,17.418351814833983,36
264,XGBOOST,1595.1856449409993,1456.5631239149307,23.632411061725048,36
264,LIGHTGBM,1715.4629097140637,1529.4192728484277,24.85900416309369,36
265,XGBOOST,1635.7019401368925,1275.4535997178818,30.973337239453542,36
265,LIGHTGBM,1659.827386542515,1269.2429492181168,30.66534434983719,36
266,XGBOOST,1092.3234668912712,788.1328938802084,24.160639430178296,36
266,LIGHTGBM,979.0298591185917,701.3752607468037,21.984531621972252,36
267,XGBOOST,1754.5368425148813,1399.3657362196182,14.74287680404075,36
267,LIGHTGBM,1854.4238628750443,1423.715003425813,14.653243588771852,36
268,XGBOOST,1703.5680851117868,1496.921115451389,36.98403530390533,36
268,LIGHTGBM,1661.7468102089376,1434.511885711186,35.83721595858253,36
269,XGBOOST,4195.885614990469,3713.26708984375,57.428689807723956,36
269,LIGHTGBM,3904.654242480415,3455.5373168040505,53.284961841484126,36
270,XGBOOST,1348.1620813491238,1020.6512858072916,9.966220621937248,36
270,LIGHTGBM,1331.359469508613,917.2499415636016,8.638752214187893,36
271,XGBOOST,3414.106873142271,2744.6324598524307,58.16226248922548,36
271,LIGHTGBM,3476.469263107052,2745.671153028037,59.29948453364988,36
272,XGBOOST,1882.0599522854147,1532.990993923611,30.58222711910823,36
272,LIGHTGBM,2010.8919521068235,1641.286625191179,32.950958138827815,36
273,XGBOOST,1723.3442528696462,1517.3555501302083,21.4665813281135,36
273,LIGHTGBM,1677.3663625821168,1444.5042640909116,20.111500916194213,36
274,XGBOOST,825.6345845014115,715.1438511439732,12.464348278671647,42
274,LIGHTGBM,743.6047412736733,609.2198381454923,10.168750730705096,42
275,XGBOOST,1564.5288312382595,1282.1575520833333,19.45070448435324,36
275,LIGHTGBM,1584.6844730471275,1336.5705824012377,20.63704199598259,36
276,XGBOOST,907.068086606184,663.4568684895834,24.620795430652556,36
276,LIGHTGBM,827.2149845250285,587.1024128385544,21.17932504031106,36
277,XGBOOST,1485.0050931994074,1327.974338107639,23.195289131160944,36
277,LIGHTGBM,1421.421414963732,1270.3195244796245,22.153740858104143,36
278,XGBOOST,1455.2701589638796,1131.6607937282986,18.272992784244853,36
278,LIGHTGBM,1573.2328836595136,1235.0050382784893,19.9903227054238,36
279,XGBOOST,3632.837324109025,2959.6442599826387,34.57232378857639,36
279,LIGHTGBM,3584.3592798704994,2947.707956587756,33.937320862963425,36
280,XGBOOST,1027.8226153801636,849.8729248046875,13.45668680306459,36
280,LIGHTGBM,1033.3476385360661,898.6628052452608,14.137090559432142,36
281,XGBOOST,1255.686422093916,1024.4323594835068,17.639336451860764,36
281,LIGHTGBM,1038.1796157835308,857.683150569881,14.649905397093125,36
282,XGBOOST,1477.0007017028363,1167.4854736328125,28.99847544500234,36
282,LIGHTGBM,1431.0200311011276,1158.391366814763,29.181834841092925,36
283,XGBOOST,1353.9971895881108,1097.7531873914932,14.043899617188988,36
283,LIGHTGBM,1345.6094104690862,1141.7510959611577,14.710967992622203,36
284,XGBOOST,1318.6421051097743,1129.9212510850693,21.831429184105108,36
284,LIGHTGBM,1337.874695306648,1168.9602855985986,22.664146230919926,36
285,XGBOOST,1529.0408323395113,1278.8174641927083,23.982455070167973,36
285,LIGHTGBM,1348.451738008314,1144.4376324478246,21.286278920358626,36
286,XGBOOST,1423.769048418772,1158.4124755859375,46.66169110533845,36
286,LIGHTGBM,1398.4959402073341,1129.4800465748517,45.985877721616966,36
287,XGBOOST,1253.1900601738703,989.790283203125,11.501470913345353,36
287,LIGHTGBM,1284.686351604316,954.064065765602,10.99601354132051,36
288,XGBOOST,1652.3210678023927,1462.8134901258682,28.734147958202023,36
288,LIGHTGBM,1624.0200912262476,1448.3377504349673,28.427573524549675,36
289,XGBOOST,1504.2955366066274,1236.9582926432292,21.552666289100095,36
289,LIGHTGBM,1405.212600524373,1127.0902759960507,19.497810330930545,36
290,XGBOOST,2035.187922190431,1677.2648383246528,28.566552871257084,36
290,LIGHTGBM,2053.259466261356,1709.595591023787,29.8323673096476,36
291,XGBOOST,1912.7961074444497,1461.7229817708333,21.572943320230554,36
291,LIGHTGBM,2048.8747430448993,1532.2446217986208,22.913896193427558,36
292,XGBOOST,6837.998478531278,4104.744764539931,87.42419694484005,18
292,LIGHTGBM,6873.519251255335,4112.149450109297,88.74502798043713,18
293,XGBOOST,1515.468967196329,1293.9733344184028,23.396825541108036,36
293,LIGHTGBM,1407.1161588514847,1156.5468420155296,20.660963231484146,36
294,XGBOOST,1506.6490509669147,1124.5562472873264,22.01344568434166,36
294,LIGHTGBM,1504.6699947985783,1154.644336629326,22.489208230724092,36
295,XGBOOST,1191.4759188974642,993.7593451605903,16.43681802182036,36
295,LIGHTGBM,1175.908482312979,979.3206725068188,16.08979152268977,36
296,XGBOOST,1402.1446495037505,1115.6266004774307,18.13676501259652,36
296,LIGHTGBM,1495.445127112227,1142.7577872791753,18.91113308131815,36
297,XGBOOST,1612.6415024836433,1348.5483940972222,19.851609431818385,36
297,LIGHTGBM,1691.3280887252408,1406.3994271325328,21.243105895026947,36
298,XGBOOST,1522.583641862113,1162.5066596137153,14.197113118751997,36
298,LIGHTGBM,1376.6302030314987,1019.8137153393774,12.241968105557548,36
299,XGBOOST,1847.4562459343786,1417.3051350911458,16.272333097672256,42
299,LIGHTGBM,1954.260804550004,1428.9871343233372,16.619726413753636,42
300,XGBOOST,1353.1593296863798,1019.3086208767361,14.091641803601906,36
300,LIGHTGBM,1299.2853929623388,968.3757238943201,13.1813727438353,36
301,XGBOOST,1312.0134505091078,1032.9838731553818,20.268568401128153,36
301,LIGHTGBM,1196.2645093907831,939.1759604275493,18.785484595983682,36
302,XGBOOST,1257.6402749655788,1101.1348876953125,31.53563603177115,36
302,LIGHTGBM,1015.6740348452861,893.2388100266534,26.23386477591985,36
303,XGBOOST,1319.9897756483854,1119.493435329861,20.737555589027,36
303,LIGHTGBM,1473.6320599756223,1212.5637772377913,22.612710763528803,36
304,XGBOOST,1387.3330723396734,1164.3621690538193,19.279306676268355,36
304,LIGHTGBM,1479.9581964221272,1201.827389383302,20.168470538879937,36
305,XGBOOST,1648.6332652739802,1459.4266086154514,24.478249726965664,36
305,LIGHTGBM,1599.4286111014305,1421.1687025531446,23.771338336880707,36
306,XGBOOST,1258.092991859997,1029.7285563151042,25.28483254308248,36
306,LIGHTGBM,1188.161591851164,980.4280534075128,23.992257462856912,36
307,XGBOOST,1110.44579797942,915.0416870117188,49.949054123704315,36
307,LIGHTGBM,703.3055134699732,553.2237739363934,30.55385942426244,36
308,XGBOOST,1990.4977635669663,1525.8353949652778,17.698109916338346,36
308,LIGHTGBM,1965.1242060123416,1498.3483741245634,17.441265786428467,36
309,XGBOOST,1619.2370501355936,1462.9681396484375,23.513102405536785,36
309,LIGHTGBM,1749.647075056402,1565.0980700146026,25.796754494712943,36
310,XGBOOST,982.7391413921534,733.2440185546875,10.85434916016405,42
310,LIGHTGBM,1364.1566719488626,1051.8027227552564,14.477932276934895,42
311,XGBOOST,1245.1838905805282,1094.409152560764,15.992292333862727,36
311,LIGHTGBM,1308.7592662500656,1129.543682556871,16.608327628028682,36
312,XGBOOST,1595.4949927763062,1418.9748128255208,26.5722975334874,36
312,LIGHTGBM,1538.369280352641,1374.0487715660274,25.542611475700095,36
313,XGBOOST,1573.4535407229284,1262.2631157769097,19.919590813467195,36
313,LIGHTGBM,1653.8030944954046,1266.348361182228,20.140500867198476,36
314,XGBOOST,1456.7659092080503,1210.693115234375,28.97667426147065,36
314,LIGHTGBM,1407.0664613514,1183.678062573106,28.32007588411209,36
315,XGBOOST,1129.7260919301993,827.2025485568577,23.902071214363485,36
315,LIGHTGBM,983.3076950431936,712.495149187346,20.969786132844266,36
316,XGBOOST,2349.5162306907428,1986.522677951389,20.2130380119983,36
316,LIGHTGBM,2502.548611389595,2125.264598781634,21.70779206410093,36
317,XGBOOST,1332.131203513679,1044.8578287760417,19.843502164850236,36
317,LIGHTGBM,1227.8655862627725,1000.4068137574011,18.815370882887915,36
318,XGBOOST,1688.439411511805,1390.9503580729167,20.62674972575494,36
318,LIGHTGBM,1774.640352155828,1422.1462355461092,21.176856771876786,36
319,XGBOOST,1263.613483700157,995.9699028862847,15.241256464549528,36
319,LIGHTGBM,1291.8398685812408,1009.8804235475545,15.596844535881734,36
320,XGBOOST,3143.4877964151447,2358.0929361979165,14.739472335870952,36
320,LIGHTGBM,3073.193925655071,2245.0399015555336,14.367193380011484,36
321,XGBOOST,1099.470303773852,979.8499348958334,16.599225706078542,36
321,LIGHTGBM,1049.7553284821563,883.4437698332719,14.782782441421228,36
322,XGBOOST,2014.3663231972723,1619.086452907986,47.801549659159434,36
322,LIGHTGBM,2015.2128260688664,1628.5411727028643,47.92706420341402,36
323,XGBOOST,1014.6380373239439,806.1365966796875,10.438569351018167,36
323,LIGHTGBM,976.9190126101299,748.8880593132689,9.672300523999205,36
324,XGBOOST,2212.1756981210087,1743.295674641927,54.45384545621207,36
324,LIGHTGBM,2212.232469264256,1738.9768280628641,54.157656428798894,36
325,XGBOOST,1696.8767266886466,1354.6957600911458,28.80004162977649,36
325,LIGHTGBM,1806.695489694695,1431.2835685203852,30.483295348914474,36
326,XGBOOST,1219.9990046490477,1032.2855902777778,20.243901922178733,36
326,LIGHTGBM,1102.8486030018948,942.711888011931,18.547879174657577,36
327,XGBOOST,1722.131000289911,1383.492919921875,18.539734247378753,36
327,LIGHTGBM,1786.2886960960536,1389.4787115815761,18.151488602186213,36
328,XGBOOST,1336.9517250776796,1065.4780951605903,29.257349268602145,36
328,LIGHTGBM,1283.2405223425917,1005.741358373375,28.135412908498452,36
329,XGBOOST,2022.7201980359928,1728.9344075520833,30.915253686806032,36
329,LIGHTGBM,2129.492626121053,1817.996722319389,33.04267694469706,36
330,XGBOOST,1358.8386714131811,1163.2019382052952,32.19725308424716,36
330,LIGHTGBM,960.7861627002804,853.9266022623411,24.069615813186207,36
331,XGBOOST,1299.0324059807172,1033.1400553385417,21.18599510179884,36
331,LIGHTGBM,1218.5296591182102,970.2448127993118,20.085149193110112,36
332,XGBOOST,1184.1636173388563,935.0780775282118,37.484174964365266,36
332,LIGHTGBM,1050.8404687797965,802.6304483813398,32.65089076433313,36
333,XGBOOST,1478.1324913717006,1189.2552625868057,12.273849711537926,36
333,LIGHTGBM,1412.5215496331068,1087.337144936729,10.955128901378643,36
334,XGBOOST,1565.5449843319598,1352.9898410373264,27.72963753460964,36
334,LIGHTGBM,1318.4484494538992,1130.0158671413287,23.330626923919617,36
335,XGBOOST,2235.315550184827,1610.9613327752977,12.834001982744262,42
335,LIGHTGBM,2722.7375077561737,2024.1079654251278,17.12536616693513,42
336,XGBOOST,3035.66673013033,2443.3155924479165,18.104268431740653,36
336,LIGHTGBM,3133.781731787827,2629.245411192873,20.021693584663048,36
337,XGBOOST,1092.7042418679514,896.477294921875,16.947320746586556,36
337,LIGHTGBM,982.0933027246803,788.2719286351956,14.781509650252572,36
338,XGBOOST,1665.2109204904602,1365.1022135416667,20.629179464361282,36
338,LIGHTGBM,1729.475037812477,1420.6283581304715,21.397699755636403,36
339,XGBOOST,1407.0171465781925,1161.3369004991318,23.70945094514551,36
339,LIGHTGBM,1303.202485108889,1076.956928879038,21.956969253921045,36
340,XGBOOST,1563.1798748080657,1311.213406032986,20.550643555639077,36
340,LIGHTGBM,1601.639773872201,1283.878159309016,20.200650843754282,36
341,XGBOOST,1454.1280169203978,1237.0774739583333,23.34311479672437,36
341,LIGHTGBM,1301.6962677069303,1136.222686165744,21.16074076972442,36
342,XGBOOST,1670.0324854278488,1394.8545735677083,12.24451918916416,36
342,LIGHTGBM,1691.481794764444,1413.78925101505,12.396886992105337,36
343,XGBOOST,1819.8972055900156,1479.5144721137153,19.514880496620744,36
343,LIGHTGBM,1959.1437279259696,1666.6980036877262,22.543982074777404,36
344,XGBOOST,2332.474220234184,1801.4820014105903,18.507666902941132,36
344,LIGHTGBM,2304.7801506868095,1628.319480153369,15.816401176193907,36
345,XGBOOST,1223.8646567256408,993.9184502495659,24.327214279999115,36
345,LIGHTGBM,1110.1603975994776,870.0211450629521,20.807697155219103,36
346,XGBOOST,1617.030724949959,1304.9731580946182,18.743592861482185,36
346,LIGHTGBM,1544.542356424762,1216.4268001397647,17.62391209119069,36
347,XGBOOST,1365.3962484798185,1124.7716606987847,22.084505587284635,36
347,LIGHTGBM,1167.306390384699,939.1340137750243,18.498732971696626,36
348,XGBOOST,1502.942299748659,1124.0172390407986,12.630405355182992,36
348,LIGHTGBM,1308.97266364676,1013.6514357767893,11.004439644998644,36
349,XGBOOST,1257.7222855437624,986.0949978298611,11.466283532881206,36
349,LIGHTGBM,1044.4750523935206,834.4820499621782,9.537608082207344,36
350,XGBOOST,1661.655748752596,1391.553466796875,20.53588158556793,36
350,LIGHTGBM,1667.7327686037765,1449.6823899461087,21.616581087753787,36
351,XGBOOST,1321.5789636025186,1196.4483778211807,20.47451382374498,36
351,LIGHTGBM,1518.4046562338021,1388.3059857456983,24.020098549144503,36
352,XGBOOST,1041.307818881478,878.0117458767361,13.305782355562702,36
352,LIGHTGBM,1008.386476441599,813.0130130313499,12.546028055665726,36
353,XGBOOST,917.2303575563842,746.4235026041666,10.855297435043878,42
353,LIGHTGBM,1096.2281525993296,852.290002009113,12.648023861947234,42
354,XGBOOST,1978.5027525598216,1751.162082248264,21.81201081279782,36
354,LIGHTGBM,1600.6104579088774,1351.72353899979,16.613421638590705,36
355,XGBOOST,1456.1317651990237,1092.0972357855903,12.731777095372522,36
355,LIGHTGBM,1548.4971108130874,1180.5290881382575,13.298758545306985,36
356,XGBOOST,1089.5288694753212,848.1790635850695,13.269610939843709,36
356,LIGHTGBM,1018.6285994753282,819.4800703952367,12.79895277835216,36
357,XGBOOST,1294.8887270751745,961.981201171875,12.062345955022586,36
357,LIGHTGBM,1400.9792909377836,1047.439036715744,13.207049359862081,36
358,XGBOOST,2732.4785441497033,2443.4490017361113,26.560191351054158,36
358,LIGHTGBM,2578.7506096198854,2307.2516169568153,24.895425060574716,36
359,XGBOOST,1256.2780020093046,1030.3878987630208,15.81012554749247,36
359,LIGHTGBM,1087.1503953221184,903.7893783958963,13.7903659580655,36
360,XGBOOST,1346.2872302835349,1133.9877115885417,18.867854851069325,36
360,LIGHTGBM,1491.465505331081,1225.0115994429998,20.9454036689254,36
361,XGBOOST,1250.122975241309,1056.597927517361,19.21588818274381,36
361,LIGHTGBM,1213.493801051322,1021.4483463634365,18.001938990363122,36
362,XGBOOST,1333.2747686346768,1021.5329318576389,10.35305905202623,36
362,LIGHTGBM,1457.9821273627358,1021.5774019501807,9.893904125650227,36
363,XGBOOST,1178.7531459664056,947.0208875868055,12.736640440844063,36
363,LIGHTGBM,1235.9512860939274,994.264130438279,13.740067691761205,36
364,XGBOOST,1299.278620378224,1048.7618543836807,22.708004469518535,36
364,LIGHTGBM,1282.5212004383684,1018.510862168091,22.197233953328855,36
365,XGBOOST,914.9747848796173,806.856201171875,15.812596975831687,36
365,LIGHTGBM,922.1911661377137,770.3095947595227,14.84524273352702,36
366,XGBOOST,1852.2350297837452,1467.9120144314236,34.76615402030288,36
366,LIGHTGBM,1959.2335349751002,1504.6782772833428,35.729221204737016,36
367,XGBOOST,1564.8319228832404,1332.386203342014,25.954434303561207,36
367,LIGHTGBM,1421.4666799413394,1212.8565120908866,23.108778589386063,36
368,XGBOOST,2986.988513833216,2625.3699001736113,28.07321111631753,36
368,LIGHTGBM,2947.1125686051278,2579.1918448060437,27.327185272016564,36
369,XGBOOST,1277.2163275085975,1064.179416232639,16.96901510438325,36
369,LIGHTGBM,1225.3206112419475,1010.3511418789074,15.974178761872295,36
370,XGBOOST,1478.12881516915,1071.7871771918403,12.907707279058686,36
370,LIGHTGBM,1514.4320941569702,1149.0035900902799,14.182933639471337,36
371,XGBOOST,1511.6666266737193,1287.481418185764,20.017065424049783,36
371,LIGHTGBM,1620.8270634355788,1434.851642731414,22.47423991157465,36
372,XGBOOST,2387.0427211318906,2010.4732259114583,22.694335231241773,36
372,LIGHTGBM,2109.0270581603463,1577.0226680978724,17.139172231778154,36
373,XGBOOST,1214.9862738646475,1006.549072265625,22.24068636760707,36
373,LIGHTGBM,983.3385709076082,792.8146877308689,17.5387210264925,36
374,XGBOOST,1561.2069464823282,1235.1343315972222,20.956833940218424,36
374,LIGHTGBM,1676.79317383703,1315.983893812944,22.734636527482387,36
375,XGBOOST,3116.2799223089214,2420.9034288194443,34.997363737160605,36
375,LIGHTGBM,3088.4345292572643,2335.819587691872,32.91491261725276,36
376,XGBOOST,1707.195224006273,1447.8716634114583,19.033138205463064,36
376,LIGHTGBM,1717.0256557712894,1439.9667333853029,18.861878427271588,36
377,XGBOOST,1400.2053158736308,1061.6115180121528,12.555585180135276,36
377,LIGHTGBM,1547.102534486846,1127.2020840439468,13.256715248359152,36
378,XGBOOST,1467.3742011378183,1222.5902642144097,18.865853335472625,36
378,LIGHTGBM,1397.313404532327,1152.169320005782,18.02672430320341,36
379,XGBOOST,1049.9657424751151,897.5340440538195,23.748064633121256,36
379,LIGHTGBM,822.5075141442638,735.6386450079251,19.648830940695373,36
380,XGBOOST,2768.8525135781274,2162.537651909722,15.525640387960227,36
380,LIGHTGBM,2949.7856053812343,2485.160792442947,18.58891010147607,36
381,XGBOOST,2061.419234204023,1477.4618462456597,21.288339192574295,36
381,LIGHTGBM,1941.9161701074415,1386.1123965432953,19.85525463592511,36
382,XGBOOST,1581.4078501501842,1275.1199544270833,17.95729204849743,36
382,LIGHTGBM,1726.0732747690554,1349.0389011754316,18.89188782784743,36
383,XGBOOST,2372.836743120036,1925.4807671440972,11.29906693946759,36
383,LIGHTGBM,2072.1793007283336,1604.6212227689032,9.434487717204885,36
384,XGBOOST,2537.8623704251513,1962.5508897569443,25.35131259138569,36
384,LIGHTGBM,2597.165676914782,1979.3799225467092,24.787915143237246,36
385,XGBOOST,1705.797732911847,1466.970703125,22.000082156049647,36
385,LIGHTGBM,1628.854105158913,1391.5484374453308,21.20425320473719,36
386,XGBOOST,1576.9804036943117,1344.9642198350693,19.011872876944594,36
386,LIGHTGBM,1631.7258729140613,1376.0922538687155,19.588882630218126,36
387,XGBOOST,2346.902972319705,2008.7344835069443,22.774389755821517,36
387,LIGHTGBM,2251.875677117952,1794.297670881805,19.55033427132188,36
388,XGBOOST,2590.3577482595747,2334.6730685763887,25.27331198881708,36
388,LIGHTGBM,2632.3208090614285,2389.164877509389,25.87201346427681,36
389,XGBOOST,2073.0051930056975,1578.1453179253472,15.796528260303312,36
389,LIGHTGBM,2139.164914126347,1697.550783116398,16.757934288772713,36
390,XGBOOST,2370.376334409263,1976.902587890625,17.169776643956617,36
390,LIGHTGBM,2316.3010348086586,1935.0141017598523,17.057616011470568,36
391,XGBOOST,1770.1062273700745,1421.3966200086807,37.71811454373179,36
391,LIGHTGBM,1859.8448659959797,1483.7052774509207,40.025396748791245,36
392,XGBOOST,2429.2034562146914,1995.2308349609375,32.95260370079307,36
392,LIGHTGBM,2442.965827613172,2007.6385454755025,33.43117876173411,36
393,XGBOOST,1504.138395752929,1334.140163845486,23.54574445773088,36
393,LIGHTGBM,1467.9531663347161,1277.5472213703601,22.349858588101064,36
394,XGBOOST,1818.4505519229642,1538.7961290147568,18.176536733909785,36
394,LIGHTGBM,1503.0827193937841,1154.0408032685823,13.4260459601639,36
395,XGBOOST,1082.6394525673172,864.3410441080729,25.549443849720483,36
395,LIGHTGBM,1035.3501474943728,853.4047148070194,25.692170185851705,36
396,XGBOOST,2864.273994567117,2169.5362548828125,27.391414223062334,36
396,LIGHTGBM,2862.1555174717982,2096.2039103718967,26.620475059863374,36
397,XGBOOST,1744.257188963602,1528.661376953125,30.29985220809095,36
397,LIGHTGBM,1841.883907161001,1580.333632103444,31.34413592306114,36
398,XGBOOST,1187.6784890510953,1003.467787000868,19.168939523631934,36
398,LIGHTGBM,1183.4012628338348,978.3145127475519,18.34393609954318,36
399,XGBOOST,1530.8304781087666,1249.0888807508682,21.857480364770193,36
399,LIGHTGBM,1465.7233342482907,1204.2096461122806,20.88083003189234,36
400,XGBOOST,2247.675288004292,1729.6308458116318,22.599824241233733,36
400,LIGHTGBM,2390.334436641352,1785.3343730796535,22.546914448566234,36
401,XGBOOST,2275.774627306547,1797.2607421875,33.448317535847885,36
401,LIGHTGBM,2425.3763867052116,1877.982779587077,35.34330314502812,36
402,XGBOOST,1310.0915113960227,1067.6194525824653,18.736242623198414,36
402,LIGHTGBM,1371.3931552326605,1082.631214355378,18.304072733094173,36
403,XGBOOST,1840.224364832233,1511.1524386935764,21.91705482928403,36
403,LIGHTGBM,1875.2294877709626,1542.9532786420345,22.320332318885562,36
404,XGBOOST,1377.4754489762727,1084.2134467230903,26.093118739935473,36
404,LIGHTGBM,1329.1436179235584,1018.2081322570006,24.67287029112154,36
405,XGBOOST,1873.0119475752056,1725.047607421875,44.92456050354547,36
405,LIGHTGBM,1922.6280913538892,1761.1384810022096,45.795822072570076,36
406,XGBOOST,1286.7145818064448,1071.2411702473958,15.38719676466923,36
406,LIGHTGBM,1244.9797527820274,1017.5462880579184,14.451756633598778,36
407,XGBOOST,999.5756334432989,809.8092583550347,19.578088208637624,36
407,LIGHTGBM,814.792515059606,677.9862043852628,16.59050713371546,36
408,XGBOOST,1073.3505307650128,948.1937662760416,19.688384258407293,36
408,LIGHTGBM,1044.529956590287,915.3966100906424,18.944224641086553,36
409,XGBOOST,1215.398201581677,1017.9613715277778,17.00714845891537,36
409,LIGHTGBM,1194.3394325199158,983.2036107759743,16.019415546742938,36
410,XGBOOST,1904.1207255420818,1733.8182237413193,31.132955013564306,36
410,LIGHTGBM,1953.942613709187,1785.9734478653193,32.344866464876226,36
411,XGBOOST,2316.1666935497096,2017.2924262152778,23.3681260038694,36
411,LIGHTGBM,2022.2835929329588,1680.893343425587,19.05033935690961,36
412,XGBOOST,2108.267693979493,1686.6041124131943,18.35958361570872,36
412,LIGHTGBM,2077.813354440928,1612.2435405436343,16.824414016852806,36
413,XGBOOST,1539.8315739786565,1230.0749104817708,19.725280692792946,36
413,LIGHTGBM,1579.6217322239868,1254.8034185792944,20.280683226774055,36
414,XGBOOST,1254.7746000801824,1029.5701226128472,15.37360432192823,36
414,LIGHTGBM,1230.202988212324,993.4843155229781,14.708670323275303,36
415,XGBOOST,1192.8037260622036,973.8902994791666,15.097938216928517,36
415,LIGHTGBM,1307.241606124009,1119.5995307029946,17.509602733942277,36
416,XGBOOST,1852.7219677834464,1543.377468532986,13.659181377112775,36
416,LIGHTGBM,1807.1371197236224,1490.5906919123777,13.13793323156906,36
417,XGBOOST,2051.792851585855,1726.9475233289932,28.008112194469557,36
417,LIGHTGBM,2169.1699455133453,1798.5409251465421,29.457402918186652,36
418,XGBOOST,1588.0166029525515,1333.0157606336807,33.18955127278882,36
418,LIGHTGBM,1586.6471336090663,1320.2795339928246,32.78191887353947,36
419,XGBOOST,1526.2939281233407,1296.2354193793403,28.725101858727133,36
419,LIGHTGBM,1380.425764157777,1139.0352986006142,25.66589858944011,36
420,XGBOOST,1344.7481052718758,1055.6553819444443,21.01360601017174,36
420,LIGHTGBM,1194.1599899437517,937.4850699389681,18.4363367470803,36
421,XGBOOST,2004.4280818531645,1720.458279079861,16.720636659629402,36
421,LIGHTGBM,2147.512656770801,1848.5489610915752,17.674736229537892,36
422,XGBOOST,1383.2264427667944,1072.934299045139,25.257215269130523,36
422,LIGHTGBM,663.8721351526654,521.4554674931733,12.334000977110378,36
423,XGBOOST,1319.761490011318,895.9777483258929,7.031478316916094,42
423,LIGHTGBM,1567.1688636647623,1084.6107576603642,8.694141298982268,42
424,XGBOOST,1639.5562525530945,1323.4065483940972,18.41417821333432,36
424,LIGHTGBM,1599.3856199681916,1284.2748420114742,17.861561501266397,36
425,XGBOOST,1194.7174076228873,1046.1513332790798,38.60553726968992,36
425,LIGHTGBM,815.8737382177478,647.7164430772945,24.71026382309804,36
426,XGBOOST,1579.447851607303,1330.7949083116318,29.726867861615535,36
426,LIGHTGBM,1425.5392847448584,1209.3168948946488,27.15393344272791,36
427,XGBOOST,2239.65157993884,1790.5183783637153,24.80014637267708,36
427,LIGHTGBM,2361.432190839537,1912.5065872872083,26.07447358374888,36
428,XGBOOST,1329.768524863876,1068.3670111762153,15.792487181637071,36
428,LIGHTGBM,1306.1329671114643,1072.2435390778019,15.866412682720538,36
429,XGBOOST,1561.7724298785292,1355.8479953342014,27.036224055833465,36
429,LIGHTGBM,1434.0912778616585,1248.9224816403946,24.690673387841734,36
430,XGBOOST,1628.9015108081333,1367.4035508897568,16.19318983469154,36
430,LIGHTGBM,1320.9012201316402,999.0977026297894,11.736428341593792,36
431,XGBOOST,1610.4785771883774,1357.690158420139,14.426480939851663,36
431,LIGHTGBM,1541.0962116014439,1239.8261006335606,12.797272798211889,36
432,XGBOOST,2352.9100651011454,1757.2869466145833,18.380096757932872,36
432,LIGHTGBM,2301.5540004952804,1747.649921238164,18.297398821886635,36
433,XGBOOST,658.9733175497192,524.907941545759,11.675474694498075,42
433,LIGHTGBM,749.9908666196977,597.4243993548059,12.87556736295532,42
434,XGBOOST,2148.1839480832223,1819.83349609375,19.089116104511415,36
434,LIGHTGBM,2247.4532628412385,1879.603008648269,19.590648804039724,36
435,XGBOOST,1127.6579974022166,947.3762478298611,35.33411607010375,36
435,LIGHTGBM,722.0983162565566,566.621678635324,21.04183365789983,36
436,XGBOOST,1318.0934237800727,1063.2271185980903,20.79658000498284,36
436,LIGHTGBM,1334.6319964901281,1116.2604820434506,22.103802858708953,36
437,XGBOOST,1974.701330815224,1564.4580756293403,23.014123954940167,36
437,LIGHTGBM,1949.6109990569691,1545.777518825021,22.555548280208875,36
438,XGBOOST,1868.5764965161475,1574.6278076171875,30.256437007722358,36
438,LIGHTGBM,1901.6971868808503,1582.913142702122,30.1410663380622,36
439,XGBOOST,1662.2472547892055,1437.2690294053818,21.79156428850635,36
439,LIGHTGBM,1791.0526147348776,1564.036746926552,24.234086671423402,36
440,XGBOOST,1258.0403945415103,1028.0845675998264,22.858802969338818,36
440,LIGHTGBM,1152.7578180778553,924.3746960543031,20.693162124432856,36
441,XGBOOST,1547.3410172576996,1302.3191053602432,21.302385419511456,36
441,LIGHTGBM,1610.1986036501694,1419.9982929537525,23.34531935648824,36
442,XGBOOST,1099.0943519609812,970.1814710828993,23.73854949006572,36
442,LIGHTGBM,1134.97752651108,1011.6690278387728,24.938417918021358,36
443,XGBOOST,1350.5871630372992,1099.2360432942708,22.970978490301093,36
443,LIGHTGBM,1324.045228950597,1085.8925773907506,22.519090442416655,36
444,XGBOOST,2175.0307061246895,1747.6952582465278,14.73993809348424,36
444,LIGHTGBM,2139.7624981713097,1691.1560147757045,14.433022854995164,36
445,XGBOOST,1813.7730289191484,1467.4352484809028,17.48172247279029,36
445,LIGHTGBM,1626.4286622555467,1302.4765623575788,15.677824351155104,36
446,XGBOOST,1433.1334906949608,1147.3180609809028,33.08829643919727,36
446,LIGHTGBM,1442.844112603683,1155.4891379389535,33.45430977016848,36
447,XGBOOST,1504.7500530414366,1150.035129123264,22.015149088454688,36
447,LIGHTGBM,1179.9165819534783,883.496706270584,16.574885906845243,36
448,XGBOOST,2150.006784083783,1666.5398491753472,24.322350286803037,36
448,LIGHTGBM,1905.0963472717463,1446.2492564830693,20.89764417397867,36
449,XGBOOST,2587.0277489817086,2072.7951388888887,20.793005361997558,36
449,LIGHTGBM,2749.6010178458328,2169.4931121052423,21.56880281958002,36
450,XGBOOST,1752.5289301214166,1502.2438015407986,16.030868091049825,36
450,LIGHTGBM,1804.939227703938,1523.518344689275,16.268595533120028,36
451,XGBOOST,1357.5986570744597,1098.250461154514,19.328179804588686,36
451,LIGHTGBM,1308.011560222619,1071.5093626407784,18.748190467594913,36
452,XGBOOST,1305.2142151961891,1098.9454277886284,27.876455302691244,36
452,LIGHTGBM,1315.257705490729,1067.3337561377768,26.809591532932853,36
453,XGBOOST,2644.597796660402,2057.8882765997023,18.605167508820294,42
453,LIGHTGBM,3130.7535261759417,2444.9236978553863,21.46698157208094,42
454,XGBOOST,2076.996315010567,1544.7266574435764,48.914983557683684,36
454,LIGHTGBM,2152.2559725251067,1562.667988084383,50.05443780951339,36
455,XGBOOST,1587.9207007740813,1313.3196343315972,16.49648268326821,36
455,LIGHTGBM,1568.6038822261276,1292.49754758692,16.25829937487232,36
456,XGBOOST,1797.7142280982125,1556.7811279296875,30.213992646853804,36
456,LIGHTGBM,1888.808830402761,1630.9210202574043,31.76494073968662,36
457,XGBOOST,1442.3197593791815,1161.6824137369792,22.023068329640864,36
457,LIGHTGBM,1310.975798005232,1049.25244443504,19.712853358585633,36
458,XGBOOST,1723.2405923723495,1485.5007188585068,19.212060007062913,36
458,LIGHTGBM,1612.9783074283582,1403.117362240587,18.434946269874807,36
459,XGBOOST,2212.731081896567,1715.0222846137153,21.108025450705576,36
459,LIGHTGBM,2236.5590542081354,1672.3476053895622,19.969357763469954,36
460,XGBOOST,1165.118950325114,866.8920220269097,29.46408696510612,36
460,LIGHTGBM,1211.1695376502992,852.4100091188922,28.975547746609,36
461,XGBOOST,1271.0432168959508,1038.403049045139,24.10264985698426,36
461,LIGHTGBM,1132.4734030077686,949.183093139143,21.79306215484841,36
462,XGBOOST,1556.2920473579695,1184.3422715928818,36.73856226258617,36
462,LIGHTGBM,1406.8796511239318,1029.9628049857652,33.06609440510503,36
463,XGBOOST,1939.2000343822533,1647.9446343315972,33.12713741019554,36
463,LIGHTGBM,2126.6786331796116,1797.2464215014925,36.51985988187296,36
464,XGBOOST,1695.5244432458837,1230.0108235677083,10.658098939995567,36
464,LIGHTGBM,1761.31130132022,1222.7794851551419,10.463761272460626,36
465,XGBOOST,1509.6968615705068,1204.5628797743057,15.121434265520111,36
465,LIGHTGBM,1563.5748648251808,1190.6958676786319,14.67104789905961,36
466,XGBOOST,2372.470756808482,1974.82666015625,34.61374369774184,36
466,LIGHTGBM,2190.505677095962,1723.4891922242784,30.90921921859746,36
467,XGBOOST,2824.019602538134,2234.7476671006943,17.31263972261182,36
467,LIGHTGBM,2771.8316224074465,2245.6976192812367,17.37698842356073,36
468,XGBOOST,1212.446782380666,983.8841688368055,15.494997291737251,36
468,LIGHTGBM,1222.336494980581,1011.8383608110421,15.558059758172108,36
469,XGBOOST,2382.3858232724897,1973.2704264322917,17.37102753827175,36
469,LIGHTGBM,2346.921830277863,1914.9796568385386,16.53535136849594,36
470,XGBOOST,2206.6273999325404,1839.7239854600693,15.91503505760895,36
470,LIGHTGBM,2258.560672374551,1884.0723283130449,16.401260220357415,36
471,XGBOOST,1193.0463250543398,995.7239176432291,13.905429782891899,36
471,LIGHTGBM,1228.3502573347844,1084.0749392624014,15.606704280437267,36
472,XGBOOST,1052.511687976667,844.368665907118,16.62831178193626,36
472,LIGHTGBM,936.507157212241,715.1151411702074,14.033151914993624,36
473,XGBOOST,1087.1939828723582,938.9695570203993,33.59425564640774,36
473,LIGHTGBM,783.3601125111478,663.0140610002527,24.141848917874245,36
474,XGBOOST,1832.1100394777775,1485.3368055555557,24.40043640455768,36
474,LIGHTGBM,1983.5707755184521,1598.5088825770133,26.431625134818116,36
475,XGBOOST,1708.4175389751044,1517.8860405815972,25.94197562008773,36
475,LIGHTGBM,1768.8561535048573,1585.5292845535414,27.40364041478906,36
476,XGBOOST,1828.2528332392858,1383.070827907986,33.19736487710674,36
476,LIGHTGBM,1919.8847177321682,1443.5614713235798,35.03019206635683,36
477,XGBOOST,1340.2663849767277,1085.452175564236,16.448588513208538,36
477,LIGHTGBM,1392.7634908340965,1120.2080089856563,16.8083436228632,36
478,XGBOOST,1478.0403699432247,1252.3616400824653,21.253386881087632,36
478,LIGHTGBM,1589.4652382577617,1353.3397274730523,23.08573770852519,36
479,XGBOOST,2515.588826087798,1920.9881184895833,18.69203837948563,36
479,LIGHTGBM,2517.6897320560333,1890.9204869690168,18.8918958700929,36
480,XGBOOST,1580.0381626135386,1292.186299641927,35.19037862088791,36
480,LIGHTGBM,1609.5572079302344,1318.3646316320542,36.335291477400645,36
481,XGBOOST,1314.9240165897043,1134.233859592014,20.87486430783365,36
481,LIGHTGBM,1248.3568341345417,1066.3470970062954,19.426849889780094,36
482,XGBOOST,1354.6916991379157,1074.4886474609375,13.921841651257907,36
482,LIGHTGBM,1267.45474287539,1013.3443179048177,13.260310658446953,36
483,XGBOOST,2019.35693209827,1582.689948187934,57.24218483148754,36
483,LIGHTGBM,2036.4958275898994,1576.3135473578268,58.06055036645179,36
484,XGBOOST,1413.2936407312447,1204.903293185764,15.709504043766456,36
484,LIGHTGBM,1204.6957601067459,1042.4328460300285,13.516562190645292,36
485,XGBOOST,1253.2858561352757,1025.7807074652778,20.193547468869326,36
485,LIGHTGBM,1089.4652249138758,914.8504030231044,17.617144916811185,36
486,XGBOOST,1488.2751851248788,1263.6059705946182,33.67968750736966,36
486,LIGHTGBM,1530.5621875528743,1304.057925395245,35.11738050639837,36
487,XGBOOST,932.6957422920979,734.0520426432291,10.438674308809631,36
487,LIGHTGBM,994.283096908864,797.1504724368323,11.445933081820334,36
488,XGBOOST,917.5997136251159,701.8170369466146,20.256104228200265,36
488,LIGHTGBM,682.2576107249338,495.00793799978845,13.315811286009774,36
489,XGBOOST,2751.6060922885035,2143.7823350694443,38.72354284454476,36
489,LIGHTGBM,2886.6503546367767,2245.408843359726,40.96548142092826,36
490,XGBOOST,1150.9958896222881,909.59423828125,11.131217634908808,36
490,LIGHTGBM,1172.659321460572,905.53673434587,11.240670635245605,36
491,XGBOOST,1496.2524762235248,1297.340087890625,19.555359472472343,36
491,LIGHTGBM,1537.5569159314505,1355.642980553895,20.482871703173867,36
492,XGBOOST,1256.5308678203955,977.8424750434028,11.776217770287909,36
492,LIGHTGBM,1264.4249902183726,992.7355697505456,12.10475601452532,36
493,XGBOOST,1758.7510841993824,1478.840359157986,16.91871165891536,36
493,LIGHTGBM,1683.5336733824013,1250.1888829787717,13.679530816826288,36
494,XGBOOST,606.4470501597646,477.19785853794644,6.516640761111911,42
494,LIGHTGBM,697.410243196997,569.0785751618407,7.803901891960418,42
495,XGBOOST,1426.0354466328533,1298.9032253689236,25.544738049618143,36
495,LIGHTGBM,1410.2118728987398,1270.2238520096685,24.869160197797243,36
496,XGBOOST,1592.3807233667442,1403.183566623264,19.411221549170257,36
496,LIGHTGBM,1633.2025336626484,1443.020886104916,19.762801190832636,36
497,XGBOOST,1636.2660727425734,1337.2996419270833,16.541655804118047,36
497,LIGHTGBM,1499.9745837273797,1230.6182336431036,14.98066333856715,36
498,XGBOOST,1193.2455920045443,929.5804443359375,13.248643190043655,36
498,LIGHTGBM,1243.1667413055507,947.1152077810457,13.62099680429701,36
499,XGBOOST,1336.4459133175744,1194.0164116753472,22.202039586381876,36
499,LIGHTGBM,1105.2068771994561,993.614214722576,18.418321282785616,36
500,XGBOOST,1146.6842785078825,892.5980495876736,14.176631740315699,36
500,LIGHTGBM,1059.9348314433196,836.4328413931895,13.112520055604767,36
501,XGBOOST,1405.823983659519,1139.0786268446182,30.165651261700233,36
501,LIGHTGBM,1338.4923255559204,1081.0916062106562,28.988562357060232,36
502,XGBOOST,2072.6737420622467,1680.7909071180557,16.607395068248078,36
502,LIGHTGBM,2239.4124616925656,1842.2560970906638,18.499690884142222,36
503,XGBOOST,1739.6369007829417,1530.2625596788193,23.739782847232785,36
503,LIGHTGBM,1728.079498592135,1506.1507850536602,23.070461468455576,36
504,XGBOOST,1075.5087384306773,805.0974663628472,11.685398313175815,36
504,LIGHTGBM,1136.4699022799632,880.4875051388512,12.68517819510776,36
505,XGBOOST,2043.7473275588632,1880.5810411241318,43.68696737777603,36
505,LIGHTGBM,1955.070855933569,1753.0192721145963,41.41044387102443,36
506,XGBOOST,1778.5086571484478,1455.883572048611,22.93107696272332,36
506,LIGHTGBM,1923.813642727122,1610.4377135393054,26.05180587421766,36
507,XGBOOST,2218.253693254607,1900.6512858072917,23.66817360622517,36
507,LIGHTGBM,1934.9514592636722,1556.3152703433968,18.74585451776867,36
508,XGBOOST,1750.3519808556493,1465.689480251736,21.175416487815998,36
508,LIGHTGBM,1857.7330631887944,1546.905297250381,22.375534273960092,36
509,XGBOOST,1774.9525125845332,1519.0249159071182,27.439202021001314,36
509,LIGHTGBM,1997.8714686683306,1746.8105084349172,31.83699665645313,36
510,XGBOOST,2205.9342261380016,1792.8102077907986,27.62193358336112,36
510,LIGHTGBM,1947.277671666195,1484.844272009234,23.537973057914048,36
511,XGBOOST,945.9347920476482,594.8822835286459,10.099150282926603,36
511,LIGHTGBM,791.0967682464051,554.208495583935,9.389678881751912,36
512,XGBOOST,803.1974104187394,613.9637160528274,9.124667588076276,42
512,LIGHTGBM,799.419646917422,603.5234545610044,8.923274983527621,42
513,XGBOOST,2469.4710579056677,1918.6545952690972,11.048388638815522,36
513,LIGHTGBM,2392.3831492448435,1806.8214264873611,10.289257246110937,36
514,XGBOOST,1981.4680201268225,1755.6957329644097,32.77366437365305,36
514,LIGHTGBM,1928.159368207719,1706.8263797667694,31.77007945391288,36
515,XGBOOST,1500.205332628675,1275.8247884114583,15.510421645746831,36
515,LIGHTGBM,1244.8749337559284,1027.824672743778,12.162383364771188,36
516,XGBOOST,2038.5387055825709,1770.4015028211807,35.60700776143907,36
516,LIGHTGBM,2105.0296080297435,1827.0340318596598,36.82016811886379,36
517,XGBOOST,1934.2027734667115,1682.1669786241318,32.83345970968783,36
517,LIGHTGBM,2011.208625462168,1675.5839668360143,33.38314420705673,36
518,XGBOOST,1940.1634842342132,1635.8276231553818,30.063746533941327,36
518,LIGHTGBM,1960.3307272920724,1617.193834747098,29.387007636995083,36
519,XGBOOST,1077.9890282075944,911.5434977213541,18.460079694184593,36
519,LIGHTGBM,1038.2462419528295,848.6264962812896,16.94648688844215,36
520,XGBOOST,888.7158086681529,638.9796820746528,16.495940511670224,36
520,LIGHTGBM,751.3545168093473,579.5782002061682,14.787027450190537,36
521,XGBOOST,1101.0233593708856,952.8870578342014,19.71807056540184,36
521,LIGHTGBM,1053.9941428120533,905.9768486143522,18.682468462973738,36
522,XGBOOST,1785.4706954323062,1370.6774224175347,16.74749867822233,36
522,LIGHTGBM,1734.5186875776806,1280.4583400314489,14.892485424695506,36
523,XGBOOST,1782.3298403242375,1523.880398220486,11.148265672286486,36
523,LIGHTGBM,2017.864941507958,1715.5431774349527,12.669193170077817,36
524,XGBOOST,766.2058146954762,598.6515590122768,10.616963227193283,42
524,LIGHTGBM,1007.7140502367571,819.3540542536108,15.321535994138769,42
525,XGBOOST,1236.9469717034278,973.1036648220486,10.203570998392024,36
525,LIGHTGBM,1240.1317248110688,969.9572429680787,10.007390990099367,36
526,XGBOOST,3013.1930304681223,2518.5562608506943,29.012923977149253,36
526,LIGHTGBM,2931.0028529922547,2445.6481177859478,28.286726304003057,36
527,XGBOOST,1877.32531585048,1584.4202745225693,15.603352117430322,36
527,LIGHTGBM,2002.5275934349793,1667.5049286098456,16.574024284399325,36
528,XGBOOST,2631.9595115325333,2141.6006673177085,20.888777521080986,36
528,LIGHTGBM,2621.039549701765,2182.5633456143687,21.3742026726961,36
529,XGBOOST,1074.0149737819297,927.1887885199653,11.318538011135509,36
529,LIGHTGBM,1137.3677497699884,919.2045079137198,10.897485615827634,36
530,XGBOOST,1719.8613567235752,1367.6622605096727,18.448693372420642,42
530,LIGHTGBM,1921.5969719370007,1564.0104150205987,21.032778734112707,42
531,XGBOOST,1437.2869083645535,1105.1182047526042,22.728724303217515,36
531,LIGHTGBM,1187.5426082331358,920.8925320531614,18.84179375445318,36
532,XGBOOST,1639.692512718702,1373.8845757378472,12.885261870385984,36
532,LIGHTGBM,1824.789382074484,1490.7643135777666,14.043830503798787,36
533,XGBOOST,2552.5407002715388,2034.356228298611,20.20215484780932,36
533,LIGHTGBM,2422.3403172371964,1902.9684139849733,18.75046226412706,36
534,XGBOOST,2669.869195033496,1971.8817274305557,32.128387518313694,36
534,LIGHTGBM,2788.0487693732375,2057.157959591287,34.022344556990205,36
535,XGBOOST,1960.517824324594,1541.1858045789932,22.79426254610509,36
535,LIGHTGBM,1891.6480336818174,1513.350260016431,22.380275356831003,36
536,XGBOOST,1864.5354337377148,1511.5649007161458,22.288131381583,36
536,LIGHTGBM,1851.8506435371721,1466.5233405649112,21.100935909302635,36
537,XGBOOST,1284.455473157062,1124.6397026909722,19.14829672406372,36
537,LIGHTGBM,1304.4332268551113,1072.6567124530438,17.953551436142813,36
538,XGBOOST,1176.304734440724,947.4456719292534,28.808883451118582,36
538,LIGHTGBM,1118.6308363477638,901.6462248092271,27.682273242201276,36
539,XGBOOST,1309.80851209939,1068.9495171440972,9.119415515622633,36
539,LIGHTGBM,1235.328799796867,1036.492607314592,8.986330260025737,36
540,XGBOOST,1648.03628472077,1423.9075792100693,21.411753987563774,36
540,LIGHTGBM,1635.088453802018,1432.2148275816821,21.665106560025993,36
541,XGBOOST,1705.098217005779,1452.3613959418403,22.677087554766302,36
541,LIGHTGBM,1790.1808772393017,1492.5311238819954,23.540349914937867,36
542,XGBOOST,1517.5756129708814,1307.5496012369792,22.164581228465984,36
542,LIGHTGBM,1594.961654727145,1413.9338115899752,23.884727106937113,36
543,XGBOOST,1398.3855943910903,1227.185255262587,58.5834263606282,36
543,LIGHTGBM,1023.3296448298507,855.6582465598134,39.5738750910001,36
544,XGBOOST,4143.052350624667,3047.1615125868057,23.282513755435,36
544,LIGHTGBM,4083.933888523933,2834.3734464617646,21.008851596193253,36
545,XGBOOST,2920.900997498081,2557.381537543403,27.1537991494971,36
545,LIGHTGBM,2774.8335066439017,2360.007834535604,24.47133692309228,36
546,XGBOOST,2049.6180238196866,1684.7950575086807,11.557129426064176,36
546,LIGHTGBM,2145.394714458785,1695.9093695605743,11.709382678669671,36
547,XGBOOST,1173.109653895232,896.7762044270834,14.33061971641856,36
547,LIGHTGBM,1148.276579298865,887.5540528833174,14.16262041315402,36
548,XGBOOST,1892.9439392777506,1616.9116889105903,35.03704403141969,36
548,LIGHTGBM,1700.52404232953,1473.0728803230384,31.648019305928553,36
549,XGBOOST,1374.9481903053381,1075.5752088758682,24.43740721246835,36
549,LIGHTGBM,1270.6278336922783,995.9831841737242,22.903377585076182,36
550,XGBOOST,2672.535695161742,2483.903618706597,49.56041552389853,36
550,LIGHTGBM,2602.649958020369,2449.183684558423,49.37433427376635,36
551,XGBOOST,1543.5376561172607,1252.4793294270833,20.378078282855025,36
551,LIGHTGBM,1626.6318637429526,1312.1761532522914,21.249990705579965,36
552,XGBOOST,2905.4643710058026,2380.6807996961807,35.40660363861079,36
552,LIGHTGBM,2942.909557180369,2460.6006486600754,37.14222838055118,36
553,XGBOOST,1873.5072122708143,1523.2395426432292,20.036794115394095,36
553,LIGHTGBM,1804.1971669358395,1514.4935072624157,20.396265979315555,36
554,XGBOOST,1171.9630338858808,862.844957139757,16.20959402738209,36
554,LIGHTGBM,1064.798992812842,828.6567167118569,15.435112568756793,36
555,XGBOOST,1319.4530273771575,1156.2130669487847,25.134364882088533,36
555,LIGHTGBM,1263.9621938935559,1139.8475707929358,24.87241299364075,36
556,XGBOOST,1460.5739420120735,1234.9541558159722,18.957004031019995,36
556,LIGHTGBM,1530.514788628854,1284.9323431192008,19.926361281864903,36
557,XGBOOST,1228.1364053633984,1074.3695000542534,29.289810061474835,36
557,LIGHTGBM,1147.845361224696,1013.2227955542722,27.593652155728133,36
558,XGBOOST,705.7810334417927,597.2938774956597,19.167266905172635,36
558,LIGHTGBM,419.2287950757101,344.1881545578724,10.495394069891153,36
559,XGBOOST,1962.8073904608086,1386.3674994574653,41.55069827987683,36
559,LIGHTGBM,2055.5536320305837,1482.4016609563778,44.043595514438714,36
560,XGBOOST,2654.2279546267755,1979.64599609375,12.923956136113512,36
560,LIGHTGBM,2728.3243006845514,1990.8737555951257,13.08129631687344,36
561,XGBOOST,1476.4375940468485,1200.5924479166667,19.535225442635337,36
561,LIGHTGBM,1523.7927547041695,1211.9156373398646,20.30640566662116,36
562,XGBOOST,1396.3523541010397,1121.0942847842261,6.661076179891492,42
562,LIGHTGBM,1323.8203559982815,1019.7989601410363,6.2582631913197835,42
563,XGBOOST,1443.9242033307826,1190.3743353949653,29.75103274196,36
563,LIGHTGBM,1303.5582036479204,1087.5328126993227,27.31719593010672,36
564,XGBOOST,1506.6029096842663,1233.046603732639,21.85438049370977,36
564,LIGHTGBM,1518.8755088708538,1250.0631916120421,21.887450384223385,36
565,XGBOOST,1709.2200598831262,1527.4145372178818,25.616183367407274,36
565,LIGHTGBM,1704.8946982300322,1510.6152976763026,25.656502406095953,36
566,XGBOOST,1416.8011821394603,1161.327853732639,23.282618445042147,36
566,LIGHTGBM,1318.7580738235006,1050.7584088232102,21.156051366372086,36
567,XGBOOST,1457.3913946876928,1190.6575249565972,30.36882585783392,36
567,LIGHTGBM,1374.7549070397706,1123.7386704565556,28.89151920939827,36
568,XGBOOST,1231.0058997116469,1004.4093424479166,19.842896057063967,36
568,LIGHTGBM,1115.2195526204828,909.0047623526146,17.795290269101024,36
569,XGBOOST,1417.0881247899454,1064.4774305555557,25.840128733471694,36
569,LIGHTGBM,1235.865804894568,923.778783117093,22.72778468386608,36
570,XGBOOST,1203.6241815749004,999.6616278754341,30.067200530871656,36
570,LIGHTGBM,1105.999158945975,919.5248283671867,28.210752218522273,36
571,XGBOOST,1701.9305730966232,1409.9138590494792,17.33140026189492,36
571,LIGHTGBM,1678.2264120739499,1391.7697369870673,17.30068169163122,36
572,XGBOOST,1783.7520803547097,1561.4538167317708,23.955422076841806,36
572,LIGHTGBM,1786.3772433300383,1572.5648212902784,24.080559709378846,36
573,XGBOOST,1236.6114100758828,1084.1241861979167,30.71636132939454,36
573,LIGHTGBM,1183.784684455862,1068.63677181418,30.309840735928002,36
574,XGBOOST,1951.619529663598,1669.6012369791667,18.18264902572182,36
574,LIGHTGBM,1775.5587834558785,1357.6010496066533,14.498927890603886,36
575,XGBOOST,2592.584168777611,2218.460503472222,58.60791771591045,36
575,LIGHTGBM,2641.6645722587473,2268.185469476143,60.44926033323939,36
576,XGBOOST,1487.8347041099198,1314.02294921875,21.680726556993772,36
576,LIGHTGBM,1507.0511140596914,1328.9428695408371,21.58296419139367,36
577,XGBOOST,1173.9090544795097,909.0161878797743,19.919985868282154,36
577,LIGHTGBM,1058.097482788147,830.8985559883586,18.258149705015413,36
578,XGBOOST,2122.737344862853,1577.693882533482,14.24665959531937,42
578,LIGHTGBM,2190.0229784595904,1627.10471772713,14.939350716169614,42
579,XGBOOST,1483.2774269167294,1233.3819173177083,16.08099018329782,36
579,LIGHTGBM,1487.473815696548,1220.1666142186125,15.991084890634713,36
580,XGBOOST,1395.5557874560016,1040.1558159722222,11.5269935645361,36
580,LIGHTGBM,1245.761303791443,1009.2362372735128,10.82387658644261,36
581,XGBOOST,1805.6730393395098,1505.2250840928818,41.03875418883827,36
581,LIGHTGBM,1776.7268862235346,1481.7814830144634,40.649610495703755,36
582,XGBOOST,2116.8399178905215,1842.381618923611,33.10421894843877,36
582,LIGHTGBM,2103.310961051388,1837.0223457480065,33.26234177131153,36
583,XGBOOST,1175.4741768672827,939.110595703125,26.47991518867071,36
583,LIGHTGBM,1035.0650244993842,798.7166311183456,23.045560522744257,36
584,XGBOOST,1371.009995416787,1162.4956190321182,24.72509661463881,36
584,LIGHTGBM,1251.44616801542,1073.6296787843337,22.98187206832606,36
585,XGBOOST,1242.2256935051307,1049.7867024739583,23.106690964781894,36
585,LIGHTGBM,1159.2801779155066,952.18280880302,20.815593455678133,36
586,XGBOOST,3018.5143611547082,2410.277642144097,16.603060660708007,36
586,LIGHTGBM,2592.7484860951586,2122.8435990443722,14.626302466058927,36
587,XGBOOST,2490.3337215913853,2029.851589626736,20.377357857709853,36
587,LIGHTGBM,2622.9590579612013,2160.6815071164456,21.79039813396908,36
588,XGBOOST,1201.3950113488709,1003.1549207899305,16.78105665496663,36
588,LIGHTGBM,1310.3566382856648,1059.556689969576,17.94754300266325,36
589,XGBOOST,1475.8271712095268,1263.5066460503472,31.68472890191591,36
589,LIGHTGBM,1530.635349658368,1314.7105558968533,32.64877703444995,36
590,XGBOOST,1298.5261624749298,1067.8824055989583,21.29151475270918,36
590,LIGHTGBM,1219.9139245253116,1007.8768620290333,19.972242418554874,36
591,XGBOOST,1470.9484980613538,1233.2737494574653,23.755562354924386,36
591,LIGHTGBM,1366.523542205861,1127.055694450865,21.811263847531045,36
592,XGBOOST,1636.4922142574883,1328.6601223415798,39.20894368255971,36
592,LIGHTGBM,1550.5583191598619,1244.4130769379299,37.654894900009204,36
593,XGBOOST,1719.0925325824394,1412.0549994574653,15.502942741171271,36
593,LIGHTGBM,1828.089518180344,1444.8953059047699,15.063111652913278,36
594,XGBOOST,1219.6240845817742,934.2336629231771,27.324206049209614,36
594,LIGHTGBM,1112.8144790833878,834.7925797656271,25.078480648706964,36
595,XGBOOST,2406.000423587029,2078.5973036024307,15.534095298707227,36
595,LIGHTGBM,2394.0197700786184,2033.282604786925,15.451650478562298,36
596,XGBOOST,728.8617844645136,494.1429375542535,9.577556007116334,36
596,LIGHTGBM,655.260160013589,479.2680456806273,8.917855907631136,36
597,XGBOOST,1144.8576793554087,916.435804578993,18.366722437740084,36
597,LIGHTGBM,1005.3163283678558,821.0102535181832,16.47139463104598,36
598,XGBOOST,1215.679941051418,952.8724500868055,17.016256261451353,36
598,LIGHTGBM,1077.2835865670163,838.7554462664853,15.015309821268378,36
599,XGBOOST,1733.390802790055,1467.7965766059028,15.042858310937268,36
599,LIGHTGBM,1590.392278422799,1262.4862697429048,12.628473179596947,36
600,XGBOOST,1013.9324586047583,780.9872097439236,10.763640349424007,36
600,LIGHTGBM,1096.5040275741649,873.4461143932018,12.017520591591735,36
601,XGBOOST,1334.1406314690507,1093.6579454210068,23.79106069766957,36
601,LIGHTGBM,1326.263188039751,1091.024220284191,23.532688964835234,36
602,XGBOOST,1451.2654510100647,1167.4839816623264,19.663008154916366,36
602,LIGHTGBM,1494.9026405911804,1228.7579142657364,20.784415051499494,36
603,XGBOOST,1737.6799076285192,1493.6244032118057,21.751452244806703,36
603,LIGHTGBM,1848.8313241152102,1594.1610915369793,23.52535043369382,36
604,XGBOOST,1527.8979540212322,1295.9502766927083,18.653633004290956,36
604,LIGHTGBM,1483.719016840878,1287.263003754054,18.962192172815477,36
605,XGBOOST,1677.7467468157731,1268.8787570529514,17.34501405153631,36
605,LIGHTGBM,1710.1530615731451,1385.5962597819473,19.144783492365658,36
606,XGBOOST,1343.718006043189,1106.6202528211807,21.418639966582525,36
606,LIGHTGBM,1274.8560230026208,1068.4549549924147,20.79176201400989,36
607,XGBOOST,1580.315936029139,1256.0103285047744,63.139797455929624,36
607,LIGHTGBM,1553.1365507748371,1198.7669951610685,60.312573010107506,36
608,XGBOOST,3644.4346210257913,2793.4331868489585,39.37239773258901,36
608,LIGHTGBM,3552.4183310319004,2664.6861481464043,36.05724290814416,36
609,XGBOOST,1347.5259469032862,1007.1259765625,25.218232201678127,36
609,LIGHTGBM,1300.9198608378451,963.6797970979458,24.381021084338578,36
610,XGBOOST,1304.7891853410295,1082.348829481337,30.630838635072667,36
610,LIGHTGBM,1238.8749915321046,1055.5444367421596,29.98388562825973,36
611,XGBOOST,1181.7789037309226,868.0366889105903,14.62307366211677,36
611,LIGHTGBM,1087.1531929377434,785.0051432125949,13.077058815599571,36
612,XGBOOST,1953.6670833777196,1542.4545762803818,27.843658211668625,36
612,LIGHTGBM,1950.1740730028132,1558.775010273389,27.921932646886816,36
613,XGBOOST,1105.1874531251929,819.6353624131945,13.102404559244285,36
613,LIGHTGBM,1070.6081666516234,813.6036505610551,12.831824577815784,36
614,XGBOOST,1079.5013690662024,867.46435546875,13.480266413378047,36
614,LIGHTGBM,1160.8505965868078,911.1605891390435,14.25660958248579,36
615,XGBOOST,1698.0741343004172,1417.3322211371528,15.376728818075163,36
615,LIGHTGBM,1557.8242290303829,1227.719580840447,12.957909964279905,36
616,XGBOOST,1935.252771492179,1642.4465874565972,23.601400356875462,36
616,LIGHTGBM,1635.1415612128449,1330.2880795283868,19.328559332030558,36
617,XGBOOST,1887.779704855788,1463.1605631510417,30.337076626476716,36
617,LIGHTGBM,2040.5335177453037,1564.3495965584978,32.72332521936976,36
618,XGBOOST,1296.2870573994153,1024.4554985894097,13.689605289421616,36
618,LIGHTGBM,1311.090050946016,1075.41415279716,14.396310147292683,36
619,XGBOOST,1156.9518327087192,887.6342976888021,28.236254105211454,36
619,LIGHTGBM,1241.8600936373298,972.4720849752939,30.569025546301432,36
620,XGBOOST,1160.9246223486898,893.21533203125,9.847763831586603,36
620,LIGHTGBM,1187.7631169149092,917.0785629759799,10.135243418950685,36
621,XGBOOST,1328.0497567057118,1127.7930094401042,20.19303106307221,36
621,LIGHTGBM,1126.884488914316,960.0688906747099,16.999770666744936,36
622,XGBOOST,1130.5297063386247,859.9134724934896,23.5028138488956,36
622,LIGHTGBM,852.2582828080672,604.3124404688151,17.421692276058153,36
623,XGBOOST,1999.3815447137417,1643.5367024739583,29.53189062666755,36
623,LIGHTGBM,2098.4659843970353,1708.9814008982362,31.145913468949104,36
624,XGBOOST,1870.0959172826713,1537.1353624131943,27.02560737367492,36
624,LIGHTGBM,1905.45439458557,1560.265016529274,27.75339053342924,36
625,XGBOOST,2074.4167576990662,1782.2979871961807,31.846095234599282,36
625,LIGHTGBM,2122.4000660304055,1848.6476523826475,33.4828955177652,36
626,XGBOOST,2190.9905821131574,1711.5670572916667,19.381685839485176,36
626,LIGHTGBM,2132.1876615293963,1546.4097555306637,16.340884215657265,36
627,XGBOOST,1169.9014764689603,950.3125678168403,14.174135881880034,36
627,LIGHTGBM,1222.3318605667232,975.0547993210932,14.695367913027567,36
628,XGBOOST,1806.3301463459043,1434.6982014973958,28.095069094274304,36
628,LIGHTGBM,1894.3241910843692,1492.7956781575972,29.576980614537128,36
629,XGBOOST,1691.9393768435866,1412.0044080946182,23.78728898384051,36
629,LIGHTGBM,1794.5633741889167,1562.5452293983822,26.49848778856067,36
630,XGBOOST,1870.433175772825,1294.862548828125,36.50620715043571,36
630,LIGHTGBM,1899.760207168723,1333.9777710745152,37.60702081608937,36
631,XGBOOST,1338.788532413762,1112.5227593315972,21.26537235917863,36
631,LIGHTGBM,1295.5876888145826,1095.6302219484844,21.0083735433891,36
632,XGBOOST,1171.4645600011554,979.1668972439236,12.785738237921398,36
632,LIGHTGBM,1065.2758507518527,907.705997827234,12.090261138122155,36
633,XGBOOST,1767.2409661503802,1381.555908203125,20.263209906108003,36
633,LIGHTGBM,1647.620457327076,1307.5008314515803,19.373786343783518,36
634,XGBOOST,2013.2260952585686,1529.9721815321182,28.38560460307998,36
634,LIGHTGBM,2165.3806213295866,1644.1543081759585,31.002961062635347,36
635,XGBOOST,2013.0060925491407,1515.8947347005208,43.308322462804874,36
635,LIGHTGBM,2094.521507300634,1595.9828707094,45.590413888845205,36
636,XGBOOST,2786.2699144019066,2202.708536783854,37.60649402804936,36
636,LIGHTGBM,2896.113512114975,2323.439007008664,39.99730253207242,36
637,XGBOOST,1296.7524583830555,937.5094265407986,10.73246149097044,36
637,LIGHTGBM,1351.1140672181098,999.6694378547685,10.812800167945017,36
638,XGBOOST,1397.8479602427878,1191.2193196614583,19.402997034693716,36
638,LIGHTGBM,1298.6954118300605,1143.7398322388244,18.846541979902,36
639,XGBOOST,1568.6799575467346,1272.6031019422744,37.75694283759127,36
639,LIGHTGBM,1454.5743454532053,1160.221529472373,35.15778354393586,36
640,XGBOOST,2450.5367522839915,2194.163330078125,18.97089521830707,36
640,LIGHTGBM,2298.011140852986,1954.725138418562,16.806631736658,36
641,XGBOOST,1896.8503759410657,1661.2563340928818,38.951215779508296,36
641,LIGHTGBM,1814.3485796998227,1551.1742349658905,36.97491499948191,36
642,XGBOOST,1361.140086587099,1197.528571234809,39.32291495676039,36
642,LIGHTGBM,756.2745620869828,616.0346945881718,20.86969068770868,36
643,XGBOOST,1463.9492436225494,1040.3022325303818,12.825407191253118,36
643,LIGHTGBM,1519.2476131178998,1100.010952585215,14.094322569049892,36
644,XGBOOST,1408.8828259891368,1117.5794949001736,13.134229297107417,36
644,LIGHTGBM,1392.1212340596203,1118.9757796172712,12.876688593222898,36
645,XGBOOST,2419.590071036282,2133.7683919270835,20.546909147282104,36
645,LIGHTGBM,2408.4807029724893,2086.323668664521,19.59092452140917,36
646,XGBOOST,1276.8718889226868,1034.8965657552083,20.98314821496472,36
646,LIGHTGBM,1119.7127965734683,920.560967292387,18.765708172386447,36
647,XGBOOST,1592.744079752317,1410.9326307508682,26.897346988572913,36
647,LIGHTGBM,1510.4322636948552,1318.1142648541932,24.90989949182074,36
648,XGBOOST,1251.0764093806395,1044.9827880859375,17.04483515401195,36
648,LIGHTGBM,1311.243344486212,1096.1517345075206,18.145376971195933,36
649,XGBOOST,1314.6451088923259,1093.724392361111,46.197066647117694,36
649,LIGHTGBM,1264.7566089373115,1040.136215205148,44.10625503201449,36
650,XGBOOST,1232.889136769871,981.3415256076389,16.11719862054148,36
650,LIGHTGBM,1248.7882526884143,1032.4195127132937,17.132422373032863,36
651,XGBOOST,1448.7686283769783,1271.9664035373264,17.844987240279806,36
651,LIGHTGBM,1357.7831281448614,1208.5361039581687,17.03674442348833,36
652,XGBOOST,1648.5067167840023,1447.3231743706597,23.037147212362363,36
652,LIGHTGBM,1778.530874645514,1556.3082937365825,25.15319013510526,36
653,XGBOOST,1300.2906205185736,1093.9737277560764,20.896898844413393,36
653,LIGHTGBM,1195.8763105217015,990.9111523018663,18.80674446581554,36
654,XGBOOST,2100.339971462281,1646.957980685764,35.70224062336372,36
654,LIGHTGBM,2209.2978632268696,1734.3498395183965,37.95043126639252,36
655,XGBOOST,2231.78317213712,1900.1956922743057,24.010936595053714,36
655,LIGHTGBM,1881.8466063658213,1485.6127810378382,18.41279598894672,36
656,XGBOOST,981.3971854781732,885.0674845377604,28.124281653178652,36
656,LIGHTGBM,645.7743114072108,489.6257421673502,14.941918843748436,36
657,XGBOOST,1677.5579438899429,1371.7128363715278,28.374308029707844,36
657,LIGHTGBM,1629.8951451994133,1325.6642669966516,27.214258617591597,36
658,XGBOOST,1697.819903089347,1423.0868598090278,28.95468402323751,36
658,LIGHTGBM,1626.8543799855856,1294.8426183677168,26.51965980479001,36
659,XGBOOST,1436.6950501195547,1156.0568033854167,24.40593697373392,36
659,LIGHTGBM,1333.1728869215199,1041.223629714892,22.207776619070884,36
660,XGBOOST,1513.4876133578882,1181.916775173611,26.973651173039304,36
660,LIGHTGBM,1522.6544763427985,1194.7820574324514,27.37480122554245,36
661,XGBOOST,1354.8310044355176,1008.3805202907986,14.44189827495184,36
661,LIGHTGBM,1279.899203649987,971.011511672962,14.19104809670756,36
662,XGBOOST,2190.7845057275954,1932.7546522352432,28.092488957660112,36
662,LIGHTGBM,2048.5837069698,1791.3342593424045,26.132312386723534,36
663,XGBOOST,1349.0830874156582,1146.1669379340278,18.996567136724146,36
663,LIGHTGBM,1156.8392016269934,998.0584634950724,16.128584491618913,36
664,XGBOOST,1384.0652810802196,1235.1676567925347,26.43206604535257,36
664,LIGHTGBM,1338.0853622319164,1152.1986455067915,24.749985228976463,36
665,XGBOOST,1798.6809053146128,1399.8306342230903,20.30389573994317,36
665,LIGHTGBM,1966.1591094920607,1528.4378341351762,21.911044846858083,36
666,XGBOOST,1803.6397064552025,1564.7461886935764,23.45974000561253,36
666,LIGHTGBM,1826.0489131729387,1528.445925401542,22.901879374800398,36
667,XGBOOST,1616.1446492230766,1351.4291178385417,16.052626192931463,36
667,LIGHTGBM,1504.4373336353608,1131.29102502812,12.828813907971991,36
668,XGBOOST,1428.5008604951404,1128.1311984592014,12.843679003538375,36
668,LIGHTGBM,1435.9395953851697,974.4645647743974,10.438553101158174,36
669,XGBOOST,1191.3241413965052,923.5655788845486,18.673376501057916,36
669,LIGHTGBM,1050.2962944788796,855.167260725128,17.39497538432933,36
670,XGBOOST,1295.2440995136867,1123.6143120659722,17.45173673371652,36
670,LIGHTGBM,1281.619454101095,1065.1863159263512,17.01007718472531,36
671,XGBOOST,1352.48910075891,1197.1310899522568,17.30842769573825,36
671,LIGHTGBM,1467.3267007334525,1268.5970644032122,18.41350918623664,36
672,XGBOOST,1078.0049029083864,825.6534423828125,9.312919276878965,36
672,LIGHTGBM,1056.7758577195314,791.4237364635874,8.971175461453496,36
673,XGBOOST,1104.5393423940561,836.5902370876736,10.65191190855616,36
673,LIGHTGBM,1187.876357946505,888.8163390900189,11.093809282001823,36
674,XGBOOST,1585.518437102834,1183.5873345269097,18.58301178550058,36
674,LIGHTGBM,1638.5526033193094,1218.1468039717327,19.123288117221936,36
675,XGBOOST,1547.4493832720998,1334.837178548177,48.07246615808787,36
675,LIGHTGBM,1485.6792613762098,1273.4064206407907,46.18404072801049,36
676,XGBOOST,1073.1083520486497,837.847644624256,8.663630661473567,42
676,LIGHTGBM,944.7111245901788,716.1060540153769,7.598269064770462,42
677,XGBOOST,1455.4592388353053,1228.1980929904514,18.328844235282816,36
677,LIGHTGBM,1516.5892235181307,1305.2686369709093,19.99971297244048,36
678,XGBOOST,1918.818997805956,1469.1949869791667,19.89788607562629,36
678,LIGHTGBM,2014.428313098794,1576.1829348686324,21.548292629197515,36
679,XGBOOST,2006.3351840191422,1718.8981119791667,18.558457356989805,36
679,LIGHTGBM,1928.9759994710932,1660.6581063069975,17.94743198918378,36
680,XGBOOST,753.0728029522899,590.2452189127604,11.148868307302557,36
680,LIGHTGBM,734.3010303698586,599.1588050333206,11.277980223135627,36
681,XGBOOST,930.3059092597175,726.7795342339409,20.723824579593046,36
681,LIGHTGBM,813.9752822071102,646.1439758654707,18.95291531841517,36
682,XGBOOST,839.1744231695764,691.7599516369048,6.516496153957059,42
682,LIGHTGBM,938.1113864761758,704.3156434061768,6.23121213842167,42
683,XGBOOST,2065.3538266543383,1740.0914849175347,25.55022396075075,36
683,LIGHTGBM,1892.1993595753577,1551.3862312436163,22.93040670115421,36
684,XGBOOST,2241.381804848104,1874.0980631510417,22.469726572412466,36
684,LIGHTGBM,2143.5477252531596,1806.5369787721745,20.90387453585337,36
685,XGBOOST,2171.9982389718175,1740.265652126736,42.53932465937048,36
685,LIGHTGBM,2399.401113939857,1965.1040881922615,48.27135003753739,36
686,XGBOOST,2111.4209515487705,1639.3471272786458,39.10882771319256,36
686,LIGHTGBM,2234.1260960685045,1757.6253475188196,42.15479944196932,36
687,XGBOOST,2062.082872506176,1731.6948377821182,20.061575588100187,36
687,LIGHTGBM,1724.580041452812,1435.8195871009198,16.312342814741438,36
688,XGBOOST,1232.1908693042815,902.5340440538195,40.759189395648065,36
688,LIGHTGBM,1167.600430453473,852.752526737734,38.12609819850877,36
689,XGBOOST,1647.8834390476256,1441.150661892361,23.030500026634446,36
689,LIGHTGBM,1692.5652293042758,1484.920872575805,24.082520659842295,36
690,XGBOOST,1408.6545172454753,1184.5449896918403,23.121875690720096,36
690,LIGHTGBM,1264.6927870451718,1056.6277294244699,20.698922178073154,36
691,XGBOOST,2112.295646644102,1661.8328043619792,22.363459953087787,36
691,LIGHTGBM,2018.5671792345079,1549.302805811972,20.21076934399677,36
692,XGBOOST,2271.1459182529375,2032.1294487847222,37.09248930362426,36
692,LIGHTGBM,2395.768976757955,2138.620636893611,39.741877516485324,36
693,XGBOOST,2746.7595524832495,2439.110148111979,40.93881886931708,36
693,LIGHTGBM,2889.890428724469,2590.15110131406,44.24723915094969,36
694,XGBOOST,1254.2455598281038,1053.4690483940972,12.594101989758638,36
694,LIGHTGBM,1236.072054006983,1024.2231240667863,12.094189801314977,36
695,XGBOOST,2340.140176417441,1926.930447048611,46.804483575191384,36
695,LIGHTGBM,2439.824175840944,2021.201576983765,49.515465880365284,36
696,XGBOOST,1577.155422954982,1367.5315619574653,16.178051291789366,36
696,LIGHTGBM,1455.4211385217584,1220.0671467664124,14.101205114843316,36
697,XGBOOST,2582.8519701813684,2070.9583604600693,19.65054138015625,36
697,LIGHTGBM,2604.170799876465,2167.9835943586554,20.749916297654604,36
698,XGBOOST,2424.2425842603425,1779.479031032986,9.882457096449167,36
698,LIGHTGBM,2287.907402019007,1691.7871349689785,9.34062230217663,36
699,XGBOOST,1316.4845496825546,946.0396999782986,11.89550839147091,36
699,LIGHTGBM,1323.6963952309723,1019.204939184765,12.90000969237752,36
700,XGBOOST,1638.426207751878,1373.5456000434028,36.74463397248014,36
700,LIGHTGBM,1614.5472163019804,1324.0484829825716,35.79129869194575,36
701,XGBOOST,1720.1480438645726,1432.7549913194443,27.059031404599686,36
701,LIGHTGBM,1781.1738239824606,1472.8099595238198,27.809731768193824,36
702,XGBOOST,1074.239592397806,942.1779106987847,23.66893166248222,36
702,LIGHTGBM,942.7385314005487,829.9135034431906,21.112644519046622,36
703,XGBOOST,1188.6238592224286,1012.9438544379341,36.87121930988812,36
703,LIGHTGBM,804.1351847082975,678.4896226336614,24.29649799018214,36
704,XGBOOST,1786.1991329744208,1526.6302897135417,14.791984303278175,36
704,LIGHTGBM,1856.120051978511,1552.0763943468157,15.054181304101261,36
705,XGBOOST,1978.3593349751604,1449.9540066189236,21.44974603751363,36
705,LIGHTGBM,2008.423068323305,1475.3083648205206,22.268178031210923,36
706,XGBOOST,1165.5430554328825,991.2737358940972,18.294599822210593,36
706,LIGHTGBM,1061.7672087866622,889.1389496057996,16.45172683657078,36
707,XGBOOST,2341.277714324384,1889.0366889105903,27.632089234719125,36
707,LIGHTGBM,2142.6389049244613,1697.4301798857132,24.59351265415012,36
708,XGBOOST,1225.845366874723,988.1103515625,17.31452460187373,36
708,LIGHTGBM,1166.201534850984,938.8806404762405,16.011459767766844,36
709,XGBOOST,2618.314743156797,1957.8356119791667,24.800892478710423,36
709,LIGHTGBM,2588.610000294858,1963.2550655640282,24.488451270539592,36
710,XGBOOST,1705.6648341295975,1472.2433403862847,36.21905078200396,36
710,LIGHTGBM,1677.3936815915042,1441.1668376765451,35.357828557109656,36
711,XGBOOST,1231.819707796411,1033.3804253472222,18.260132693001975,36
711,LIGHTGBM,1177.081756437389,969.1764079465567,16.986649116053425,36
712,XGBOOST,1283.5788190047108,1040.7116563585068,18.065037979691212,36
712,LIGHTGBM,1278.111334135794,1038.23758681066,18.093296605725982,36
713,XGBOOST,2508.0920017909166,2162.0643717447915,25.78024225832296,36
713,LIGHTGBM,2211.9553608202023,1752.7460132436072,20.637013345375152,36
714,XGBOOST,1234.2462425689803,1053.0021430121528,20.903887894086935,36
714,LIGHTGBM,1101.678898549809,905.6832349013395,17.935260723779706,36
715,XGBOOST,2095.2473768390764,1551.0548366970486,41.28368556258636,36
715,LIGHTGBM,2190.410663243348,1641.617988033836,43.915305467637936,36
716,XGBOOST,1283.7467400302244,984.949476453993,18.360424299576167,36
716,LIGHTGBM,1260.5888232723594,981.0463060789892,18.408142832772175,36
717,XGBOOST,1843.34795917034,1635.4208984375,34.04666038333339,36
717,LIGHTGBM,1884.8441115874166,1681.8165443139696,35.03047782772797,36
718,XGBOOST,1509.6553502240101,1242.4660780164932,18.242477137669923,36
718,LIGHTGBM,1441.4191231831237,1201.5442108638827,17.840913888389405,36
719,XGBOOST,1384.401606516262,1200.8999565972222,24.752213445956173,36
719,LIGHTGBM,1284.8558635071909,1125.1698891145404,22.75245663064339,36
720,XGBOOST,992.9628721320961,806.4258355034722,11.332343309627928,36
720,LIGHTGBM,1087.9030493510638,902.7195896838896,12.805258872895964,36
721,XGBOOST,1096.2776017392,854.6211208767361,11.169345335315445,36
721,LIGHTGBM,959.5635471849936,752.8527571214025,9.98907607984018,36
722,XGBOOST,1622.326467109596,1435.7712809244792,20.089791291985634,36
722,LIGHTGBM,1515.2457460733176,1306.5120241808756,18.462059502823553,36
723,XGBOOST,1299.579578934095,1030.4158528645833,12.947940352124142,36
723,LIGHTGBM,1334.0910046209929,994.3378584580561,12.200748365288854,36
724,XGBOOST,1621.0194840888448,1312.6044514973958,20.7571710584746,36
724,LIGHTGBM,1530.6917128703417,1264.3167100658673,20.252591409673098,36
725,XGBOOST,1202.1288740559382,987.4990641276041,17.491283031562478,36
725,LIGHTGBM,939.7466949025586,769.6617333939888,13.534327865336056,36
726,XGBOOST,3205.7030243753256,2616.5644259982637,29.10622769306091,36
726,LIGHTGBM,2948.36337962369,2249.053314111066,24.86498201888368,36
727,XGBOOST,1227.4767135312877,979.1587117513021,24.20143678975514,36
727,LIGHTGBM,1209.278845418884,982.7405238401672,24.569291790822014,36
728,XGBOOST,1123.9469799339454,912.0634765625,17.536317443692607,36
728,LIGHTGBM,1019.9624367998173,821.0277065749129,15.812040184661482,36
729,XGBOOST,2748.9701778214658,2346.587592230903,23.948758723034828,36
729,LIGHTGBM,2620.779356500378,2247.5261867471354,22.747718886567586,36
730,XGBOOST,1240.6942148166763,1027.8787163628472,14.78654662811573,36
730,LIGHTGBM,1255.6284363912846,1086.0802534175743,15.869455227084512,36
731,XGBOOST,2529.390514081335,2174.816351996528,26.85924698816038,36
731,LIGHTGBM,2237.3773776581443,1849.6366403605216,22.66658685278042,36
732,XGBOOST,1923.5701793197372,1482.9635300409227,17.00061543830091,42
732,LIGHTGBM,1902.4873570333998,1375.4623693510098,15.350478458790743,42
733,XGBOOST,1095.976290965532,830.1884068080357,5.643815255583434,42
733,LIGHTGBM,1241.1846714434962,933.6253374445126,6.520546261737489,42
734,XGBOOST,1944.6672557302434,1695.9151746961807,41.218933781437464,36
734,LIGHTGBM,1986.629197325933,1718.7505889718134,41.87425843816588,36
735,XGBOOST,1708.6040202848876,1504.3492567274307,30.81009271647817,36
735,LIGHTGBM,1581.08872616889,1366.2044996714271,27.489606856202386,36
736,XGBOOST,1528.1692389229215,1309.2709282769097,29.189558937261772,36
736,LIGHTGBM,1415.443011207825,1209.43842469785,27.015843619061673,36
737,XGBOOST,1863.9284307869682,1504.2534586588542,29.032714077199916,36
737,LIGHTGBM,1971.127743614218,1591.373929100878,31.011809170970572,36
738,XGBOOST,1810.771228128762,1571.9020860460068,18.875496417582738,36
738,LIGHTGBM,1369.8842608276002,1155.473536829697,13.788454870505545,36
739,XGBOOST,2598.013373627309,2241.6799587673613,22.688621045238445,36
739,LIGHTGBM,2607.4239962530946,2222.568636143741,22.541202481028215,36
740,XGBOOST,1410.8715592338856,1121.5791151258682,14.278664020124646,36
740,LIGHTGBM,1341.5484545629215,1051.1958064340624,13.444524198777072,36
741,XGBOOST,1163.623474449923,908.9539794921875,10.860475225416398,36
741,LIGHTGBM,1218.018704703361,906.0437303529852,10.50777017979993,36
742,XGBOOST,1521.5098119465147,1277.577663845486,16.099532788696663,36
742,LIGHTGBM,1494.5610117825315,1213.9244967164805,14.846432197201265,36
743,XGBOOST,1355.5874698535586,1135.6294352213542,36.6630626490169,36
743,LIGHTGBM,1360.6698854689894,1111.553853117693,35.57820010825469,36
744,XGBOOST,1234.3119764476912,979.6435546875,12.53001195958879,36
744,LIGHTGBM,1163.0712119436164,918.8557473837835,11.833530170114964,36
745,XGBOOST,2617.600122853719,1962.0257161458333,35.79945342984807,36
745,LIGHTGBM,2715.947265672879,2041.5302167363277,37.84071222405167,36
746,XGBOOST,1696.3936484674366,1528.790744357639,24.60836445064537,36
746,LIGHTGBM,1616.718008571049,1495.4685635293301,23.99407784381611,36
747,XGBOOST,1244.3751053151832,1029.4322374131943,13.363233290165272,36
747,LIGHTGBM,1404.425361465108,1058.1537551347437,13.686222557798008,36
748,XGBOOST,1613.085380120078,1404.0771077473958,26.172582817540622,36
748,LIGHTGBM,1544.710562869398,1355.730224431204,24.984247840170084,36
749,XGBOOST,1621.180773796444,1234.6047770182292,37.12464997369928,36
749,LIGHTGBM,1654.255237410107,1295.5627343106014,39.003553388111726,36
750,XGBOOST,1236.1496012840676,971.1385633680555,21.631409807332847,36
750,LIGHTGBM,1154.3427133619289,946.1597153892637,20.987996195896717,36
751,XGBOOST,1535.2537490239004,1300.3814290364583,35.27781488950648,36
751,LIGHTGBM,1185.3942545203,1002.9265951451907,27.847387319917306,36
752,XGBOOST,1653.482441580415,1490.9672173394097,34.80623250399558,36
752,LIGHTGBM,1657.4276884952571,1456.6771893352704,33.860121558428695,36
753,XGBOOST,1773.6173870632265,1539.9039849175347,21.007789528982965,36
753,LIGHTGBM,1809.7057892963066,1567.2295890477321,20.886249378022626,36
754,XGBOOST,1627.3723985105132,1324.3528374565972,21.54221481295978,36
754,LIGHTGBM,1731.8912728170724,1372.9699047818895,22.690636184760844,36
755,XGBOOST,1772.7970769062968,1454.9025065104167,14.718018613281691,36
755,LIGHTGBM,1931.692260699747,1612.4278650815875,16.150991117532378,36
756,XGBOOST,3484.452386169913,2622.3940700954863,14.686081170457907,36
756,LIGHTGBM,3401.205024463933,2575.9973212577147,14.566756720299058,36
757,XGBOOST,1542.5610949771049,1335.3932562934028,20.454082387774246,36
757,LIGHTGBM,1536.1572225515279,1320.5931743214492,20.405307909867375,36
758,XGBOOST,1345.443217880274,1077.2626953125,24.79773321621247,36
758,LIGHTGBM,1260.7223247184402,1013.6444660017179,23.42383528313722,36
759,XGBOOST,1824.0092291542746,1484.0078667534722,25.78885255994154,36
759,LIGHTGBM,1958.9459792287676,1623.014242425109,28.269850619358618,36
760,XGBOOST,1257.075032671765,916.4395887586805,11.009865373446866,36
760,LIGHTGBM,1116.801544184782,813.7962265971661,9.799120681777643,36
761,XGBOOST,2272.3308908926947,1919.8464762369792,24.240686185438914,36
761,LIGHTGBM,2057.03925436481,1702.2586853538896,21.54200339507627,36
762,XGBOOST,1294.0774765625847,1147.3416205512153,28.86649683290888,36
762,LIGHTGBM,1060.7814671372785,970.3436627588502,24.698570702069496,36
763,XGBOOST,1235.3651734309758,1066.6906602647568,17.417995509659793,36
763,LIGHTGBM,1074.9374917522823,880.775637045553,13.995043920470248,36
764,XGBOOST,1392.9043638965004,1118.934841579861,37.66826617086119,36
764,LIGHTGBM,1172.3265689889254,868.4089160528291,31.620820471109745,36
765,XGBOOST,1627.834111884896,1343.3500162760417,15.843731652901266,36
765,LIGHTGBM,1665.2939702249494,1282.6627850602606,15.013512229435985,36
766,XGBOOST,1181.1522849558287,918.4114990234375,13.80287935147814,36
766,LIGHTGBM,1072.1488289499798,898.1300135982068,13.428170216379968,36
767,XGBOOST,1546.6990406000034,1180.2664659288193,24.332151547096156,36
767,LIGHTGBM,1572.1261498893234,1191.1210949380782,24.588537804521962,36
768,XGBOOST,3005.6347180283205,2452.3682454427085,18.13900768568011,36
768,LIGHTGBM,2887.734161801351,2208.2257769021217,16.172946371445608,36
769,XGBOOST,1330.5173675101473,1058.5786597842261,8.494508455538686,42
769,LIGHTGBM,1373.2553606192416,1093.141050808233,9.043439767315476,42
770,XGBOOST,1721.511002099586,1472.3744439019097,36.389384364635745,36
770,LIGHTGBM,1652.2592655298008,1441.698203356509,35.54590370500763,36
771,XGBOOST,1423.3655269170831,1146.2696668836807,16.67825786431427,36
771,LIGHTGBM,1386.6576228160716,1109.2338302765554,16.42675343426248,36
772,XGBOOST,895.7721957089383,746.2870619032118,19.288651963271484,36
772,LIGHTGBM,653.9927221558529,535.870950467409,13.620951819353197,36
773,XGBOOST,1458.456169996692,1202.1793212890625,24.475082442338085,36
773,LIGHTGBM,1280.8471908025372,1039.3844213458926,21.514754295183415,36
774,XGBOOST,1459.233578967154,1181.0716552734375,23.164910686820413,36
774,LIGHTGBM,1304.962452897797,1052.7249528376944,20.630386471452333,36
775,XGBOOST,1564.230544971066,1314.8477105034722,16.374029752346235,36
775,LIGHTGBM,1482.5027006225303,1151.865138746488,14.005742396917043,36
776,XGBOOST,1575.3460479992923,1339.6180962456597,30.262626208184646,36
776,LIGHTGBM,1595.0826849039418,1358.834684924042,30.912868228694524,36
777,XGBOOST,1365.8162023671582,1165.7376573350693,27.24788338809761,36
777,LIGHTGBM,1194.687645166355,1020.4176243454826,23.974750893343195,36
778,XGBOOST,1193.5725017942218,1018.4163140190972,18.484129960113428,36
778,LIGHTGBM,1211.8278012753963,1034.4978161990111,19.07213306925203,36
779,XGBOOST,2377.250399616683,1747.4311659071182,43.10128272971887,36
779,LIGHTGBM,2516.3749176305246,1860.6399156457164,46.499129209016616,36
780,XGBOOST,2149.16109398294,1743.2293565538193,39.23520720479148,36
780,LIGHTGBM,2321.0263627139716,1854.9493586340225,42.85577577711701,36
781,XGBOOST,1711.611663545417,1397.1475151909722,38.644842766214325,36
781,LIGHTGBM,1690.922760070645,1385.9348265485708,38.67837689244776,36
782,XGBOOST,1850.9880785180308,1642.747531467014,39.69209883750725,36
782,LIGHTGBM,1736.470557330088,1470.967405283478,36.734412478402284,36
783,XGBOOST,1401.3346851454382,1196.4509819878472,17.91513658525724,36
783,LIGHTGBM,1353.0815719328182,1149.827866346476,17.405860267786583,36
784,XGBOOST,1952.6762958541258,1656.1968180338542,27.15774739374137,36
784,LIGHTGBM,2053.6236247710167,1767.1646854461828,29.491001956268732,36
785,XGBOOST,1772.3173423371718,1451.7482231987847,20.89439174718761,36
785,LIGHTGBM,1891.5520291863177,1477.5080424151404,21.271516845722655,36
786,XGBOOST,1374.669723671671,1096.6048516167534,59.83985782222969,36
786,LIGHTGBM,1265.7395299109235,980.9148418076511,54.98167684830347,36
787,XGBOOST,1917.4597844596144,1593.4100477430557,17.031697748657795,36
787,LIGHTGBM,1932.2439286812894,1581.7483194857477,16.815557585462305,36
788,XGBOOST,2701.739340998281,2014.127414279514,10.972939199895865,36
788,LIGHTGBM,2665.483829515259,1912.8299071017843,10.094497923781976,36
789,XGBOOST,986.2737248841128,771.6700303819445,20.585233725426455,36
789,LIGHTGBM,756.4518643228049,603.7845049960641,16.188656550298965,36
790,XGBOOST,1420.1133056868175,1158.2746039496528,15.758342146515,36
790,LIGHTGBM,1312.9034012863262,1030.648668562503,14.06242563659312,36
791,XGBOOST,2325.590542118073,1957.7523193359375,25.203936099667914,36
791,LIGHTGBM,1893.564042394135,1598.794983547633,20.3097748644135,36
792,XGBOOST,1852.2794666380148,1631.8428955078125,27.41405036202929,36
792,LIGHTGBM,1961.3389670316367,1709.2113527367983,29.12235522075091,36
793,XGBOOST,1981.900071299892,1823.3774007161458,41.78245036755902,36
793,LIGHTGBM,1865.9298270934594,1704.0760180708135,38.72551369886263,36
794,XGBOOST,1052.3828982350835,874.7736002604166,28.158749760395015,36
794,LIGHTGBM,506.7107304007937,433.9354692716954,13.775016699998316,36
795,XGBOOST,1832.4172673629084,1663.0565999348958,43.66824580845673,36
795,LIGHTGBM,1815.9923718862988,1663.3690049051002,43.73802073454159,36
796,XGBOOST,1904.8106570547802,1572.6190185546875,24.850724051592266,36
796,LIGHTGBM,1921.8133911289915,1539.635431948344,24.348687704592592,36
797,XGBOOST,1340.4058659436594,1103.1508653428818,23.02643935211826,36
797,LIGHTGBM,1316.796575559187,1106.8781244408456,23.031807849528008,36
798,XGBOOST,2460.4091832209374,1916.7898491753472,39.26568204100542,36
798,LIGHTGBM,2505.564913173532,1919.0596736349585,40.22904832066343,36
799,XGBOOST,1769.5906559457314,1506.6214463975693,15.98146164751062,36
799,LIGHTGBM,1665.2585073705377,1366.1951361386348,14.236819380001892,36
800,XGBOOST,1223.01809983729,1073.8037109375,24.905701618187987,36
800,LIGHTGBM,1168.7934594021785,1062.8013844179648,24.64197322118308,36
801,XGBOOST,1133.9902925879503,924.0030924479166,18.193549524364837,36
801,LIGHTGBM,1156.443549468251,904.4118385487715,17.53167332243517,36
802,XGBOOST,1144.1858194348526,1027.6835259331597,15.420252998944395,36
802,LIGHTGBM,1180.0020588176876,1071.4107382904422,15.805000469382449,36
803,XGBOOST,1551.2925149691057,1367.509304470486,25.654598595866684,36
803,LIGHTGBM,1497.1531415699376,1309.1180020095726,24.36180137765164,36
804,XGBOOST,1308.5572770490758,1101.5115966796875,22.314501334986353,36
804,LIGHTGBM,1133.1804601328206,950.2835306545728,19.180680628980937,36
805,XGBOOST,1603.874833016354,1477.638454861111,29.271675828319548,36
805,LIGHTGBM,1550.1867546522094,1428.8417649563341,28.26405866241363,36
806,XGBOOST,1765.1861042872038,1629.4667019314236,26.23610755167437,36
806,LIGHTGBM,1786.7779630312061,1639.1445767280152,26.77489344429697,36
807,XGBOOST,1662.9234247898855,1399.3024088541667,14.520743316786655,36
807,LIGHTGBM,1506.5533081436442,1236.6649023234236,12.501855040349206,36
808,XGBOOST,1705.2019167017895,1343.8021647135417,21.594727398483503,36
808,LIGHTGBM,1876.9132362346363,1448.055511071858,23.81471598249892,36
809,XGBOOST,3107.3470703030957,2852.1432834201387,34.459766598270726,36
809,LIGHTGBM,3193.998439292252,2895.3572943772497,34.904951772750415,36
810,XGBOOST,1439.7062242384252,1238.7278510199653,21.789915191996773,36
810,LIGHTGBM,1101.413374775824,923.3989766082751,16.113743207549177,36
811,XGBOOST,768.3810664574538,594.3370768229166,14.691138859845143,36
811,LIGHTGBM,656.3324804125398,527.6943293748893,12.889717430082964,36
812,XGBOOST,1840.303473361154,1394.6247422960068,29.4048743180699,36
812,LIGHTGBM,1945.7093947101484,1477.9333567912279,31.31133897783383,36
813,XGBOOST,1177.6675982418735,948.8598090277778,16.466364344360418,36
813,LIGHTGBM,1002.0900180233228,825.3610701367338,14.351206284636342,36
814,XGBOOST,2032.7981522502023,1564.930447048611,21.49617137021287,36
814,LIGHTGBM,1826.8908346904911,1348.8158334249047,18.330724652447014,36
815,XGBOOST,1112.9323178330965,930.1326226128472,15.129959842486612,36
815,LIGHTGBM,1193.6764652578286,1032.4519872961534,16.77119318537858,36
816,XGBOOST,1491.9568306030487,1188.8156331380208,29.156002494580342,36
816,LIGHTGBM,1305.8237536057911,1031.3163801360038,25.79310349179585,36
817,XGBOOST,4170.879464466286,3477.6839192708335,18.11658228779424,36
817,LIGHTGBM,4306.23767068552,3715.3525958815994,19.166070016689517,36
818,XGBOOST,1958.3302421602411,1777.407741970486,31.64387991457548,36
818,LIGHTGBM,2001.2987598823865,1828.9038797047206,33.08535079021283,36
819,XGBOOST,1384.0643668330226,1150.738552517361,20.526752145053404,36
819,LIGHTGBM,1265.6462624820922,1041.4337545413755,18.748094398264282,36
820,XGBOOST,2098.7921257730045,1583.6710069444443,12.65924904890389,36
820,LIGHTGBM,2176.3442716289887,1750.384933624184,14.20370857264194,36
821,XGBOOST,1645.3535456558125,1329.6464029947917,21.887251025364986,36
821,LIGHTGBM,1692.0527516734708,1367.5118633985612,23.00861838509905,36
822,XGBOOST,1517.6788604959759,1206.8897569444443,17.297873765284688,36
822,LIGHTGBM,1574.0880480954208,1228.176280871301,17.37438723858257,36
823,XGBOOST,1539.4630987805713,1293.8229031032986,24.70347260248389,36
823,LIGHTGBM,1524.5036398320765,1219.3997980983913,23.26373447828448,36
824,XGBOOST,1380.7946369351012,1146.449679904514,16.60579994928027,36
824,LIGHTGBM,1469.1514380784326,1202.774369973114,17.587751892646107,36
825,XGBOOST,1210.3075581443577,1031.2791476779514,20.96477457770313,36
825,LIGHTGBM,1174.900172291345,1015.9079277879745,20.499148677456976,36
826,XGBOOST,2171.7006485994884,1780.3670518663193,23.310928085671197,36
826,LIGHTGBM,1801.1093316675735,1471.2780238369273,19.174359734445304,36
827,XGBOOST,2145.9543975317756,1689.0439453125,10.221871890782804,36
827,LIGHTGBM,1957.5461350577211,1550.6716309043502,9.45521115972712,36
828,XGBOOST,1730.2322052088307,1390.4388699001736,35.25701146708287,36
828,LIGHTGBM,1570.339135835819,1256.1405268349647,32.05043047351725,36
829,XGBOOST,1220.8528638712571,999.8517523871528,19.002109991409867,36
829,LIGHTGBM,1066.6404701536724,878.8420173134361,16.31212435515597,36
830,XGBOOST,1877.8243614207852,1467.675537109375,29.185185386726054,36
830,LIGHTGBM,2015.1675166583188,1581.7444219977542,31.587108743723043,36
831,XGBOOST,3795.4005961856965,3236.0065646701387,30.49506904236514,36
831,LIGHTGBM,3681.434334309744,3196.977376137896,29.8351819782109,36
832,XGBOOST,1252.32487468697,1062.1485460069443,16.62404870370606,36
832,LIGHTGBM,1311.70079340378,1131.7591543735944,17.888204094053552,36
833,XGBOOST,1635.113004412839,1496.5895317925347,30.02658587804748,36
833,LIGHTGBM,1389.9173753623247,1286.5173497787282,25.519641886157963,36
834,XGBOOST,1645.3904751428545,1382.4348008897568,28.03776180677331,36
834,LIGHTGBM,1679.199863615944,1407.4735432098669,28.569027375796857,36
835,XGBOOST,1388.1702633329726,1198.9442274305557,24.40628960468527,36
835,LIGHTGBM,1364.9564756792884,1173.1474812309766,24.10158454610657,36
836,XGBOOST,2074.546719303021,1611.000244140625,38.15527019461432,36
836,LIGHTGBM,2202.8685393661817,1709.4548349600884,40.492821590103595,36
837,XGBOOST,1365.5779885528743,1077.3106553819443,34.87439182484237,36
837,LIGHTGBM,1126.9268609866276,840.5948588896291,29.424009721706685,36
838,XGBOOST,1613.1264824775164,1351.436767578125,16.75172081342884,36
838,LIGHTGBM,1572.3482350280715,1247.6408243102744,14.882326115487524,36
839,XGBOOST,1205.353820415288,1008.1972724066841,33.544072637343184,36
839,LIGHTGBM,1196.2910533454963,997.2613543761358,33.35601063793762,36
840,XGBOOST,1662.788830007485,1254.5851236979167,27.93960740291716,36
840,LIGHTGBM,1816.070486966973,1378.0154457900462,30.644938437134705,36
841,XGBOOST,1162.2490468135397,1021.9770304361979,51.6297521885027,36
841,LIGHTGBM,714.5741009072535,554.01307365212,28.84106349940552,36
842,XGBOOST,3709.333675251552,3021.6104871961807,14.549210524254475,36
842,LIGHTGBM,3738.06895158722,3043.313184108483,14.490886644087384,36
843,XGBOOST,1461.9101638930283,1099.2949761284722,10.999661740871312,36
843,LIGHTGBM,1797.460521565658,1304.840870291974,12.341896509750832,36
844,XGBOOST,1482.0849715173933,1245.0867309570312,40.65316562939309,36
844,LIGHTGBM,1461.8636047041095,1210.8745629145492,40.12571037891116,36
845,XGBOOST,1394.3536016628477,1069.0528835720486,22.31037972537343,36
845,LIGHTGBM,1257.0164755221456,936.770913644997,19.649355487155738,36
846,XGBOOST,2790.157549619681,2164.810004340278,27.626695031115794,36
846,LIGHTGBM,2715.873591364184,1971.683758447992,24.664532386924353,36
847,XGBOOST,1149.4514955825928,916.570543077257,14.526129286173802,36
847,LIGHTGBM,1148.42859045841,912.4227905461388,14.25270756405346,36
848,XGBOOST,1654.5028694642801,1363.9560953776042,21.00573112744632,36
848,LIGHTGBM,1802.2533423372058,1499.5862626724202,22.991601642219436,36
849,XGBOOST,1077.641447909553,815.1044650607639,9.46990982870501,36
849,LIGHTGBM,1134.0308756413415,813.0863657138939,9.255136658938484,36
850,XGBOOST,1763.450479597071,1490.3091498480903,25.392005366424264,36
850,LIGHTGBM,1913.7430702476033,1623.5568783036276,27.889821906498568,36
851,XGBOOST,1485.124229610001,1248.7328559027778,24.63900366894409,36
851,LIGHTGBM,1261.4305195664058,1062.3087641887223,20.75096784071242,36
852,XGBOOST,1383.4781222015577,1141.6359727647568,31.0711521705885,36
852,LIGHTGBM,1477.470554405362,1242.1026691540499,34.03691364959009,36
853,XGBOOST,1578.6464209060725,1227.2001139322917,12.494126666183341,36
853,LIGHTGBM,1530.539923954384,1138.1483730382895,11.031012005404545,36
854,XGBOOST,1651.1257093330028,1273.5755208333333,22.299884428575695,36
854,LIGHTGBM,1643.9130548727705,1280.7904724970524,22.24097848438968,36
855,XGBOOST,1258.162236655932,1015.9462212456597,19.463464381116584,36
855,LIGHTGBM,1251.7184152639743,968.2564777011498,18.76933072412661,36
856,XGBOOST,1023.3765059569282,858.301771375868,11.520623411355777,36
856,LIGHTGBM,1047.6204305006477,906.9716609606244,12.429949239380138,36
857,XGBOOST,1505.281114898141,1177.68017578125,13.532183554899804,36
857,LIGHTGBM,1463.752668964288,1142.9323511525208,13.12097296370068,36
858,XGBOOST,1214.021643044443,937.4857584635416,18.57536481626849,36
858,LIGHTGBM,1132.0968164208093,905.5593319366816,17.980499782651115,36
859,XGBOOST,1412.3846457989705,1112.2640380859375,14.023004460989608,36
859,LIGHTGBM,1248.4522901021521,1006.2718776194046,12.523783846939956,36
860,XGBOOST,1016.3308063963268,855.974853515625,13.80328289778115,36
860,LIGHTGBM,870.5773304765335,694.3509108290425,10.845327465591993,36
861,XGBOOST,1066.3489839045403,938.6547037760416,25.298123515827232,36
861,LIGHTGBM,808.2683415999162,682.7610584986169,19.098305632696835,36
862,XGBOOST,1560.6296226397292,1128.8450656467014,14.546182498585173,36
862,LIGHTGBM,1664.0596431594477,1205.4908379980843,15.416270855303049,36
863,XGBOOST,998.7539375777195,850.358136858259,12.621569953641115,42
863,LIGHTGBM,1294.78122004246,1106.1694196616077,16.872207029871397,42
864,XGBOOST,1281.982417472599,1054.670430501302,27.973758180059505,36
864,LIGHTGBM,1292.4092603592078,1049.3360345501428,28.36762849819065,36
865,XGBOOST,1632.5939007645752,1387.0813802083333,18.12947185847686,36
865,LIGHTGBM,1476.5945886735637,1221.0796595728068,15.891110013159551,36
866,XGBOOST,1083.7417375781756,960.2218695746528,14.6015860758643,36
866,LIGHTGBM,1132.5968662232028,1034.8315915447763,16.021760163168437,36
867,XGBOOST,583.8233048012629,404.71775309244794,9.214106062327623,42
867,LIGHTGBM,808.2839449423852,535.3925999396165,11.14137858375331,42
868,XGBOOST,1792.222913058198,1479.3140190972222,15.28750758519718,36
868,LIGHTGBM,1861.435560376155,1498.0837689062625,15.284718137962154,36
869,XGBOOST,1917.007798516867,1574.6634792751736,31.771987359454673,36
869,LIGHTGBM,2006.068978086274,1650.8749532442948,33.75413581092273,36
870,XGBOOST,1478.834981010378,1099.9693332248264,18.538477832705496,36
870,LIGHTGBM,1542.8448568776344,1137.960650722978,19.534505545494053,36
871,XGBOOST,1526.6439906073967,1328.6333821614583,19.735021727173837,36
871,LIGHTGBM,1420.2780917693813,1235.67556060137,18.38770804029848,36
872,XGBOOST,1790.104633782344,1617.9043104383682,23.592265182964432,36
872,LIGHTGBM,1684.1739637300873,1511.9393387327596,21.882286684522644,36
873,XGBOOST,1033.2142566715188,797.8678792317709,26.128854034650935,36
873,LIGHTGBM,795.6243002363367,596.5929109484073,19.94091864876827,36
874,XGBOOST,1173.8384459289134,933.759996202257,19.445183015561206,36
874,LIGHTGBM,1104.6046387040717,873.4607950537446,18.10267450200176,36
875,XGBOOST,1479.1736726329575,1317.114718967014,30.10373047788468,36
875,LIGHTGBM,1462.9480936733241,1314.580724464199,30.197281441974145,36
876,XGBOOST,6602.826305819344,4790.285178444602,60.176443953459405,22
876,LIGHTGBM,6628.032216259935,4761.067630785265,60.10950341977803,22
877,XGBOOST,1189.1177089226285,924.0531170819256,18.186612347739374,37
877,LIGHTGBM,1276.5677230786173,1012.6462855179734,19.727581243436486,37
878,XGBOOST,1657.2250407010526,1444.1788872612847,19.27382633326565,36
878,LIGHTGBM,1679.2996132620785,1285.1485175238188,16.43222404067089,36
879,XGBOOST,1048.8972050718583,896.2313910590278,23.738640105085114,36
879,LIGHTGBM,884.7010887780415,782.6529438958801,21.288132616865067,36
880,XGBOOST,1403.2700260474642,1054.4452311197917,13.30359445630577,36
880,LIGHTGBM,1416.53818767036,1062.6087540932908,13.326460703614188,36
881,XGBOOST,1263.042742324031,1005.4164564344618,30.621967200645962,36
881,LIGHTGBM,1242.7169400123498,1002.1639388520821,30.377603246935394,36
882,XGBOOST,1388.204387038352,1142.1597086588542,19.08203634097511,36
882,LIGHTGBM,1348.3148254058392,1093.5381654223565,18.556848278792852,36
883,XGBOOST,1534.3642072845787,1231.4414469401042,32.4936803778945,36
883,LIGHTGBM,1485.8941803756977,1202.823152917976,31.924100136630333,36
884,XGBOOST,1618.5607564197433,1399.0052218967014,22.997547270671078,36
884,LIGHTGBM,1541.71390282318,1354.7215673885762,22.374870168235304,36
885,XGBOOST,1400.9470255396225,1130.2815755208333,20.062541841091498,36
885,LIGHTGBM,1235.0353348019514,983.1660955179127,17.556541711819783,36
886,XGBOOST,1984.2579428843512,1637.0051133897568,28.361487234195014,36
886,LIGHTGBM,1946.3475776946764,1569.510766721522,27.830618494244085,36
887,XGBOOST,1659.918707863941,1416.5223117404514,20.87510496849446,36
887,LIGHTGBM,1717.6987586369967,1502.9508831249395,22.5973215764533,36
888,XGBOOST,1101.6886728679456,862.8793402777778,9.792557608398512,36
888,LIGHTGBM,1205.3060033907323,892.6633913444618,9.80874352087453,36
889,XGBOOST,1070.0166614809289,876.7153659396702,26.274993020747168,36
889,LIGHTGBM,956.5463128780791,729.4291252469721,22.832018021026006,36
890,XGBOOST,1396.1503551769206,1141.9308268229167,17.980636127495686,36
890,LIGHTGBM,1505.8593137514558,1264.2205871807585,20.040067021363097,36
891,XGBOOST,1146.6226219498526,963.0067816840278,13.600370632407602,36
891,LIGHTGBM,1173.2734361376918,1009.2514588816505,14.202603432359473,36
892,XGBOOST,2206.6859681331684,1672.4374864366318,32.892446251531624,36
892,LIGHTGBM,2314.0909499059553,1716.436785310904,34.848034445897916,36
893,XGBOOST,1324.2967107160823,1062.2008327907986,17.42317386114308,36
893,LIGHTGBM,1279.1065892220388,1045.5425138877301,17.23118483452897,36
894,XGBOOST,2417.9562905018724,2146.484958224826,30.52350746840391,36
894,LIGHTGBM,2119.5122526914397,1848.0604168929676,26.02708450541702,36
895,XGBOOST,1597.1348178278681,1221.4915635850693,11.765305925394937,36
895,LIGHTGBM,1651.8977060692132,1197.7468880051413,11.142609744680227,36
896,XGBOOST,894.7546176445435,650.963134765625,8.805567151192145,36
896,LIGHTGBM,900.4391579176644,709.4956272841571,9.653038640062425,36
897,XGBOOST,1195.4547561770241,1053.7971327039932,34.780508972549256,36
897,LIGHTGBM,656.0383209410343,544.9692799314323,17.671747132174154,36
898,XGBOOST,2497.3448145409716,1905.252956814236,51.842650191871556,36
898,LIGHTGBM,2585.059798259868,1978.4173659068822,54.309297083592924,36
899,XGBOOST,2115.7196918130235,1721.538106282552,51.082926950138905,36
899,LIGHTGBM,2157.452167153422,1750.0899381745169,52.045564264401136,36
900,XGBOOST,1269.3917964416994,1024.2179090711807,15.87484742470048,36
900,LIGHTGBM,1275.5270365626473,1054.6706311468452,16.235715265018918,36
901,XGBOOST,1711.7727839415966,1402.4778238932292,20.789691031359823,36
901,LIGHTGBM,1790.6764466604327,1456.781876653645,21.631829994382283,36
902,XGBOOST,931.4453862582641,766.0778537326389,19.478468516947377,36
902,LIGHTGBM,790.2708122817357,648.3453105125697,16.748152869905212,36
903,XGBOOST,1690.3881531631905,1368.351291232639,11.476769887536822,36
903,LIGHTGBM,1672.2144027781078,1409.8048983079689,11.66580919449583,36
904,XGBOOST,999.886275445481,751.826429578993,12.685365254661216,36
904,LIGHTGBM,1009.2135787464379,726.2154566964788,11.97633281081616,36
905,XGBOOST,1642.5589017670072,1357.3019341362847,22.467373684231053,36
905,LIGHTGBM,1612.8297593046939,1343.1143731522839,22.35963405189983,36
906,XGBOOST,1862.0262438117968,1633.099880642361,16.09407798860491,36
906,LIGHTGBM,1994.2269064042596,1738.7176234703306,17.075850276851813,36
907,XGBOOST,1709.6609151035677,1364.4175889756943,21.63662109740233,36
907,LIGHTGBM,1591.4825148501343,1308.3561195040834,20.79230598238856,36
908,XGBOOST,1617.5737054777396,1354.5736423068577,41.74388789136194,36
908,LIGHTGBM,1561.6158364389717,1270.3381584160056,39.86832083508865,36
909,XGBOOST,9660.947942306744,6557.074884588068,47.17338122545737,22
909,LIGHTGBM,9646.279348827713,6473.853693055719,47.45369513006363,22
910,XGBOOST,1553.5750398348957,1349.6318495008682,25.278176607209435,36
910,LIGHTGBM,1556.8410029459856,1353.2021812508378,24.824400767981864,36
911,XGBOOST,1821.5740014737735,1548.27685546875,16.189738624131202,36
911,LIGHTGBM,1696.28633607633,1211.1930102378963,12.143047484783692,36
912,XGBOOST,1108.029360113107,879.4281412760416,14.950877243932185,36
912,LIGHTGBM,884.6318757439083,713.2245791047126,11.905957819106277,36
913,XGBOOST,1981.9277860663908,1727.688205295139,20.850519481450036,36
913,LIGHTGBM,1917.5369956493066,1629.2678601184518,19.586944924407558,36
914,XGBOOST,1716.4203675117856,1310.259250217014,15.673671067540223,36
914,LIGHTGBM,1880.8356339730663,1454.8992242777224,16.601009034972478,36
915,XGBOOST,1536.8336972081386,1259.745334201389,20.349780875337622,36
915,LIGHTGBM,1466.7004244733585,1225.6649310333498,19.771688035344493,36
916,XGBOOST,1503.169654077749,1261.6267632378472,23.81804060548187,36
916,LIGHTGBM,1274.810429221488,1066.150982939856,20.01285030205039,36
917,XGBOOST,1878.3202065046169,1567.336697048611,28.97865647364737,36
917,LIGHTGBM,1986.0150021147938,1645.584252421802,30.968426941725646,36
918,XGBOOST,1805.8130230714141,1422.8336724175347,36.15196620827394,36
918,LIGHTGBM,1632.667001628667,1235.6007854525187,32.34527409869342,36
919,XGBOOST,1372.0505036028353,1126.3959011501736,24.729199769547215,36
919,LIGHTGBM,1434.263103867838,1154.9234134754802,25.82241147076796,36
920,XGBOOST,877.3836094935631,735.0570746527778,11.928224896524755,36
920,LIGHTGBM,821.7730343853403,702.1314045288095,11.391063234596427,36
921,XGBOOST,2888.7711917290335,2239.9827473958335,38.202693926790644,36
921,LIGHTGBM,2624.638236317769,1985.6837351573818,34.49902802259851,36
922,XGBOOST,1577.373325191101,1345.0487467447917,18.502326933332277,36
922,LIGHTGBM,1497.5014922557948,1303.795122092603,18.024449107708023,36
923,XGBOOST,1312.0205754652718,1015.3212890625,19.27603346778476,36
923,LIGHTGBM,1181.4714208863809,890.0678274012885,17.058121525882807,36
924,XGBOOST,1724.9948056637002,1418.4727783203125,38.560054402404575,36
924,LIGHTGBM,1689.0302794581057,1364.2682929823923,37.5380040224786,36
925,XGBOOST,1186.1438075156548,929.6496310763889,13.23980040954755,36
925,LIGHTGBM,1085.9969476764454,878.784681634974,12.745418251718199,36
926,XGBOOST,2051.260513063086,1717.7958441840278,25.90899717559627,36
926,LIGHTGBM,2092.840965987813,1735.7432121405352,26.025780821684457,36
927,XGBOOST,1831.2527404544333,1513.7320692274307,26.501478332301886,36
927,LIGHTGBM,1854.6243269115816,1530.505327802706,27.291430641141286,36
928,XGBOOST,2157.7734501686014,1800.9585910373264,25.07338825687841,36
928,LIGHTGBM,2145.364241422498,1756.947239792729,24.196475978034133,36
929,XGBOOST,1287.525082108777,1110.9269341362847,20.692760695684424,36
929,LIGHTGBM,1171.0946307616282,957.6414081989658,18.045151517555105,36
930,XGBOOST,1611.5206674687313,1378.6279839409722,20.557775912207585,36
930,LIGHTGBM,1507.837706053201,1329.03091414074,20.137412961629934,36
931,XGBOOST,979.4931441691333,730.1425199962798,14.684759413235692,42
931,LIGHTGBM,1492.3264672683506,1239.2382599072541,25.875013092677307,42
932,XGBOOST,1856.9247003179075,1421.8206515842014,22.414708011030193,36
932,LIGHTGBM,1940.6773973959412,1426.255139274995,23.07961566228284,36
933,XGBOOST,1973.536820625273,1529.408718532986,29.249456791698346,36
933,LIGHTGBM,2037.1140264145065,1560.4144258049155,29.871712211952538,36
934,XGBOOST,1781.1785650176544,1528.7862955729167,24.402276645926648,36
934,LIGHTGBM,1792.6455826444762,1495.6423410158923,24.233376772962036,36
935,XGBOOST,1370.0728234274611,1087.1206461588542,21.77996519371047,36
935,LIGHTGBM,1315.174399550324,1002.623458523256,20.403804668492956,36
936,XGBOOST,1521.1123834412335,1256.858615451389,19.733413838189684,36
936,LIGHTGBM,1604.9104256441142,1397.8648187872466,22.183171141019482,36
937,XGBOOST,1554.5967679286023,1253.9635687934028,16.973351005017058,36
937,LIGHTGBM,1548.0799444280249,1288.8050982925106,17.599498984998345,36
938,XGBOOST,1501.2455317643944,1194.4758165147568,12.195080507027699,36
938,LIGHTGBM,1459.3219630539015,1133.0352348775468,11.56710919539485,36
939,XGBOOST,1516.7313793804733,1299.0716959635417,23.23224578622755,36
939,LIGHTGBM,1445.688074362298,1239.4933366225023,22.070276226557432,36
940,XGBOOST,1501.566090349092,1222.257839626736,17.684919661609626,36
940,LIGHTGBM,1555.8171858548035,1239.7878570062776,17.807688079530426,36
941,XGBOOST,1377.7434043311323,1179.504150390625,23.133482570555643,36
941,LIGHTGBM,1342.2574138802242,1125.9574098287435,21.883395762530952,36
942,XGBOOST,1605.968074397643,1359.5632866753472,22.22399914295067,36
942,LIGHTGBM,1670.036510307625,1446.8907475867154,23.504714132141853,36
943,XGBOOST,1502.3681701506398,1233.7851155598958,17.565516883158395,36
943,LIGHTGBM,1415.9523373576953,1185.2084097831387,16.949614372346094,36
944,XGBOOST,1018.6161134312831,750.3104790581597,10.485896102807581,36
944,LIGHTGBM,1007.7218223208387,761.8330540361953,10.786993427337729,36
945,XGBOOST,1111.6914722515264,835.6365356445312,22.052069123847872,36
945,LIGHTGBM,767.4764920268922,563.3242816470415,15.7866636705294,36
946,XGBOOST,1150.8357123229823,930.3533053927952,24.55155098548496,36
946,LIGHTGBM,1260.0309859174617,1083.1277166627337,28.657673037997977,36
947,XGBOOST,1583.8805966669022,1262.0914849175347,19.258860083713902,36
947,LIGHTGBM,1645.6800822504383,1290.5970465475211,19.864920544763287,36
948,XGBOOST,914.0763945465699,789.5031040736607,9.344854809113816,42
948,LIGHTGBM,872.7177569754848,743.7850252369429,8.75163801458596,42
949,XGBOOST,1726.9818735105437,1491.5551350911458,33.39767821068895,36
949,LIGHTGBM,1672.6010006400509,1452.7788965961922,32.644902102717616,36
950,XGBOOST,1515.5820079091784,1282.8359239366318,24.70115021629746,36
950,LIGHTGBM,1483.1164442827887,1223.11864609106,23.434969795472753,36
951,XGBOOST,2020.8723144831126,1592.829861111111,20.302758553365706,36
951,LIGHTGBM,1989.9047537732786,1515.9776932450604,18.938481965940333,36
952,XGBOOST,1472.3354705865074,1144.0578206380208,19.47654865520255,36
952,LIGHTGBM,1142.351393046632,847.2665901208436,14.454018306980862,36
953,XGBOOST,1755.2609358923344,1313.9678548177083,39.74911391527,36
953,LIGHTGBM,1757.5071063228418,1289.5225722047776,39.95346605932487,36
954,XGBOOST,1676.7995016999423,1403.8491889105903,22.7573749264036,36
954,LIGHTGBM,1786.0312265386128,1494.8732097132788,24.499022595271672,36
955,XGBOOST,1544.014282231085,1347.8924289279514,29.088135683160033,36
955,LIGHTGBM,1401.9071963518597,1259.964209481054,26.562196140355827,36
956,XGBOOST,1162.2264933928864,923.2253621419271,42.493764848552495,36
956,LIGHTGBM,924.8612241027839,662.875894794421,31.683854855287635,36
957,XGBOOST,2110.4274623906717,1747.96142578125,26.856306663615232,36
957,LIGHTGBM,2085.623236199019,1623.6244320151723,24.408890942066293,36
958,XGBOOST,1035.989872214291,857.9631076388889,24.22890483134904,36
958,LIGHTGBM,816.522591494847,643.111811372082,18.563416795911618,36
959,XGBOOST,1704.8016166757484,1357.2762451171875,24.149963464356038,36
959,LIGHTGBM,1718.214756700193,1288.7779905376167,23.496696166132317,36
960,XGBOOST,1397.3601889788938,1223.5699869791667,17.78429396510486,36
960,LIGHTGBM,1406.6262349412639,1275.7570782013524,18.88306868087456,36
961,XGBOOST,1452.2472035001435,1257.9571804470486,20.916558186114262,36
961,LIGHTGBM,1378.6009131538226,1209.05799726007,20.184114804400487,36
962,XGBOOST,1998.0327816062022,1815.0027669270833,31.013794467331852,36
962,LIGHTGBM,1979.7771599109788,1814.5168270899644,31.37255251167781,36
963,XGBOOST,4269.272721659896,3252.3716091579863,46.33629345690349,36
963,LIGHTGBM,4204.2488363373095,3121.4852754398653,44.7162441583277,36
964,XGBOOST,1555.059040597587,1302.95654296875,15.359542393359979,36
964,LIGHTGBM,1514.752555588391,1222.9213455684835,14.048385241303285,36
965,XGBOOST,1613.3157578641042,1351.4844156901042,18.636640093088747,36
965,LIGHTGBM,1691.5241126359037,1411.215244675119,18.999312867069275,36
966,XGBOOST,1444.6584856013892,1156.1409640842014,27.046131161406645,36
966,LIGHTGBM,1397.2180629577908,1137.3481975412487,26.845247348703836,36
967,XGBOOST,1969.040744330104,1609.4099934895833,23.201471246016027,36
967,LIGHTGBM,2020.8687216929097,1580.7614613540716,22.642187725000753,36
968,XGBOOST,1362.2123898854484,1138.3212890625,16.22828851419858,36
968,LIGHTGBM,1385.2948071195087,1138.754703938397,16.508860495054165,36
969,XGBOOST,835.6252920819218,674.9295383029514,17.581468752757406,36
969,LIGHTGBM,799.8142841898771,658.6756806902112,16.809693064677177,36
970,XGBOOST,1466.5869213906772,1203.474141438802,65.54860530233736,36
970,LIGHTGBM,1110.2025988075163,887.3597645227724,49.85764734341613,36
971,XGBOOST,1806.7342148051118,1100.5658365885417,10.860577374229184,36
971,LIGHTGBM,1860.5642732720544,1148.3758687029467,11.46981041704542,36
972,XGBOOST,1136.2445024584968,915.8889702690972,40.23487860624388,36
972,LIGHTGBM,1034.8484940777437,770.0070200742298,34.403833119635095,36
973,XGBOOST,1981.8976377566896,1633.3825005425347,24.475233665525995,36
973,LIGHTGBM,2061.1144385771195,1691.2211437467215,25.609813327763575,36
974,XGBOOST,2137.0040549635505,1621.742458767361,13.19465148787302,36
974,LIGHTGBM,2116.622688183086,1623.2578563730624,13.191285960688209,36
975,XGBOOST,1823.18958489091,1515.2057156032986,22.78994378603094,36
975,LIGHTGBM,1792.7320124338778,1431.8147282753685,21.331128610159208,36
976,XGBOOST,1854.99529181586,1598.4012993706597,26.803577097616355,36
976,LIGHTGBM,1972.7747356487846,1696.1443775683863,29.07894297261914,36
977,XGBOOST,1964.329020744758,1709.118143717448,42.50681986079261,36
977,LIGHTGBM,1979.7720594222371,1699.97246502601,42.74479829646564,36
978,XGBOOST,1571.7101457986003,1289.8304714626736,19.590636890450856,36
978,LIGHTGBM,1567.0227172587354,1290.6853575647463,19.3810101465956,36
979,XGBOOST,1869.3592988921077,1678.6606309678818,27.220525801363856,36
979,LIGHTGBM,1871.9152422190427,1652.3875319712308,26.661125740211933,36
980,XGBOOST,1606.9103340880145,1438.915256076389,25.24768729967286,36
980,LIGHTGBM,1680.7535209403952,1484.1304023381222,26.0946868547901,36
981,XGBOOST,1430.3922749758203,1231.5828043619792,18.944124903578334,36
981,LIGHTGBM,1441.9800975804592,1164.051748588692,17.94275239676383,36
982,XGBOOST,2099.8873221886574,1618.934543185764,20.024432594072124,36
982,LIGHTGBM,2089.0460704740212,1627.225808305537,19.900282477225783,36
983,XGBOOST,1997.5939894041526,1686.9741346571182,22.627425304007286,36
983,LIGHTGBM,1950.5383998638013,1605.7470960063597,20.89587068433725,36
984,XGBOOST,1926.443755453649,1680.6199951171875,29.371543749618873,36
984,LIGHTGBM,2020.8993521899174,1753.1798760541478,30.59503450858987,36
985,XGBOOST,1556.1366758267452,1220.1106363932292,14.33738372226738,36
985,LIGHTGBM,1634.633334298761,1252.5249990475493,14.391579947800476,36
986,XGBOOST,1426.5444625879795,1264.1390787760417,28.659633869571643,36
986,LIGHTGBM,1322.069436113656,1187.4455009262667,26.985525156144615,36
987,XGBOOST,1778.404068570137,1407.966769748264,27.002179750234923,36
987,LIGHTGBM,1869.183259039221,1482.6406235528905,28.706091886733205,36
988,XGBOOST,1418.6908820507938,1090.5624050564236,23.057841799550005,36
988,LIGHTGBM,1257.4753284036783,976.4132926000317,20.59902040652628,36
989,XGBOOST,1476.4315232827093,1177.1397162543403,25.001838748097132,36
989,LIGHTGBM,1420.3861861300707,1161.6240745519926,24.920726119537385,36
990,XGBOOST,1179.4609395675673,1066.5250786675347,17.822090812678578,36
990,LIGHTGBM,1266.768558260791,1126.0873153673808,18.75957229632121,36
991,XGBOOST,1583.673823004268,1319.7701009114583,23.769625413441226,36
991,LIGHTGBM,1523.0405443355592,1286.859781045676,23.500306693390016,36
992,XGBOOST,1911.814348903013,1537.3692762586807,37.09765894522746,36
992,LIGHTGBM,1792.3837825262558,1466.010343978639,35.60830905484229,36
993,XGBOOST,1779.4865838425976,1460.4355061848958,20.43266733203508,36
993,LIGHTGBM,1962.0450914912917,1556.0691404126285,21.816208544921977,36
994,XGBOOST,2180.852280724031,1878.7296413845486,49.37609739973558,36
994,LIGHTGBM,2224.6489069431345,1912.5537631311356,50.418724155221874,36
995,XGBOOST,1817.6583107758297,1491.0198296440972,16.54062908162178,36
995,LIGHTGBM,1540.6727675633515,1224.1771087870973,13.242268299011966,36
996,XGBOOST,2511.598618472128,2110.9275987413193,33.987107680630864,36
996,LIGHTGBM,2557.6314012989637,2127.8053519715663,34.25964230915131,36
997,XGBOOST,1512.2035323660448,1343.777587890625,29.736662670127735,36
997,LIGHTGBM,1452.894419172191,1274.531152745187,27.77122124777,36
998,XGBOOST,1196.307061336568,1002.0620863172743,22.530881715803407,36
998,LIGHTGBM,1098.9503433749437,908.1363356342049,20.647079803823377,36
999,XGBOOST,2851.115945252045,2274.9840223524307,28.153754561773802,36
999,LIGHTGBM,2873.7560441279493,2239.0664675422595,26.973460567188596,36
1000,XGBOOST,1238.765980374026,998.4474283854166,14.678996582684267,36
1000,LIGHTGBM,1295.3840814662299,1093.7558301335273,16.157700112435634,36
1001,XGBOOST,1709.9049599962116,1408.4474962022568,28.20832958950629,36
1001,LIGHTGBM,1774.702093043232,1454.7393359809732,29.349024477731135,36
1002,XGBOOST,1229.535717790647,959.7406412760416,14.588052543379803,36
1002,LIGHTGBM,1222.6497021955092,1004.3854154275054,15.270265968380428,36
1003,XGBOOST,2410.7719336683613,1981.261935763889,33.848793148814885,36
1003,LIGHTGBM,2651.8970569475737,2210.2544840438386,38.43598550699463,36
1004,XGBOOST,1687.4699571905342,1553.164794921875,30.741503433875494,36
1004,LIGHTGBM,1548.4269682291076,1430.5527160466709,27.979070546787575,36
1005,XGBOOST,1537.6621164247485,1258.4899088541667,21.73479083093434,36
1005,LIGHTGBM,1528.855338865285,1295.6612209347832,22.34870939872168,36
1006,XGBOOST,1018.3430627323362,809.4523654513889,12.350516559433368,36
1006,LIGHTGBM,1097.9720912825765,887.684984901889,13.14245981466455,36
1007,XGBOOST,1167.5003130595264,980.5141872829861,14.310764133267858,36
1007,LIGHTGBM,1152.3101472017818,991.5615808515593,14.341361095496236,36
1008,XGBOOST,1210.9911031475262,1081.6466335720486,20.500230227697706,36
1008,LIGHTGBM,1121.6592680544825,1016.957747818928,19.206930504839605,36
1009,XGBOOST,1303.806674652822,1008.4927164713541,22.119297697074394,36
1009,LIGHTGBM,1180.1513118329524,937.9230601779159,20.61703090595336,36
1010,XGBOOST,1589.7638704377362,1187.8832329644097,12.459321537909318,36
1010,LIGHTGBM,1750.4997433702017,1264.909476675373,12.487836853136043,36
1011,XGBOOST,1471.0081335065056,1229.8030327690972,18.833567243010496,36
1011,LIGHTGBM,1469.3845552086113,1237.8158551052593,18.97261351805862,36
1012,XGBOOST,1514.368571333485,1206.5276285807292,23.027587178917024,36
1012,LIGHTGBM,1316.1190148937467,1034.7278217949886,19.737843591026337,36
1013,XGBOOST,1212.1263449944538,1006.6285400390625,35.62644148896371,36
1013,LIGHTGBM,1143.8481683983375,938.0072647511982,33.387438904713704,36
1014,XGBOOST,4079.50886962097,3181.6736924913193,43.49987940539292,36
1014,LIGHTGBM,4155.61665732503,3215.628730999236,44.53345824420597,36
1015,XGBOOST,1354.726058996598,1280.8927001953125,21.916786164837276,36
1015,LIGHTGBM,1351.0227809847127,1264.4986409672586,21.88416351027938,36
1016,XGBOOST,1667.4087252583406,1456.2537027994792,29.093686593133523,36
1016,LIGHTGBM,1583.8418350742531,1343.9030991495388,26.492672236329746,36
1017,XGBOOST,1617.031346038219,1288.4648573133682,23.113069069521675,36
1017,LIGHTGBM,1583.1801034893047,1216.202483467222,22.37530870179109,36
1018,XGBOOST,1824.633955516961,1517.9642198350693,13.539183640141381,36
1018,LIGHTGBM,1873.5425366340096,1467.575908525177,12.530003669307574,36
1019,XGBOOST,2642.88657651421,1873.681640625,24.032603695775265,36
1019,LIGHTGBM,2650.1345460134685,1805.2109035397093,22.498773001072397,36
1020,XGBOOST,1444.0861340283739,1203.7569444444443,14.359711180934308,36
1020,LIGHTGBM,1379.3258593321045,1119.666801964484,13.151089838421075,36
1021,XGBOOST,1339.585486305666,1079.7177734375,11.273165274804235,36
1021,LIGHTGBM,1164.8361699428438,958.7287121781608,9.940678309262612,36
1022,XGBOOST,1817.5325756732868,1642.3025444878472,25.139496681253114,36
1022,LIGHTGBM,1779.4581134666855,1620.3826063046206,24.555484191184902,36
1023,XGBOOST,1369.4710334809988,1120.3883192274307,20.309558017917187,36
1023,LIGHTGBM,1382.6669827644184,1150.8239263261944,20.829029649111575,36
1024,XGBOOST,1114.8089299265248,960.9245876736111,17.014346251403587,36
1024,LIGHTGBM,859.4858779296039,731.2175063614986,12.94797924352777,36
1025,XGBOOST,1199.1093236330619,999.5072292751736,13.509978843645253,36
1025,LIGHTGBM,1154.9718286916338,971.456867313579,13.38385606572671,36
1026,XGBOOST,2454.6407376817933,2119.001519097222,24.520185237453887,36
1026,LIGHTGBM,2310.962413620413,1919.1376785475218,21.98598997570011,36
1027,XGBOOST,4394.364115425797,3339.9493001302085,25.37511796060726,36
1027,LIGHTGBM,4545.925455885479,3563.1132524662157,27.49992064009783,36
1028,XGBOOST,1914.2836998420187,1668.9263780381943,38.516210245592966,36
1028,LIGHTGBM,1956.1201092341478,1684.7487715873126,38.55532799583201,36
1029,XGBOOST,2195.4950377485034,1590.9585774739583,56.4462955923119,36
1029,LIGHTGBM,2251.2310600991286,1673.8202954648827,59.08713508005159,36
1030,XGBOOST,1151.6593506082534,863.9405449761284,36.6447960522728,36
1030,LIGHTGBM,1097.6696842966521,858.8065213550967,34.28286082812031,36
1031,XGBOOST,1776.0292003069303,1583.2656792534722,36.36082340314057,36
1031,LIGHTGBM,1717.1261943792042,1535.2092369544425,35.18163919323152,36
1032,XGBOOST,2439.119066188459,1758.6625434027778,24.938821884360706,36
1032,LIGHTGBM,2365.0139073873643,1705.7153240934847,23.18119361431317,36
1033,XGBOOST,3278.7658647713893,2725.660210503472,20.95303832022366,36
1033,LIGHTGBM,3115.015041453316,2545.2402899471704,19.70116238585821,36
1034,XGBOOST,2225.3560198404484,1777.2097710503472,42.000694600791306,36
1034,LIGHTGBM,2305.089458619984,1816.010157750862,43.48158371108959,36
1035,XGBOOST,1762.3139495158841,1416.189181857639,45.42287385056996,36
1035,LIGHTGBM,1766.6304582826892,1387.4377915561313,44.83836893713099,36
1036,XGBOOST,1533.049715888078,1284.8805202907986,27.688949694259403,36
1036,LIGHTGBM,1298.6452947595235,1079.9308052513038,23.231965970364556,36
1037,XGBOOST,1536.580012558298,1293.7991265190972,22.6151985727515,36
1037,LIGHTGBM,1493.0544659962563,1264.9534860995332,22.439064705163915,36
1038,XGBOOST,1504.4962754445048,1240.7818196614583,22.42792783159952,36
1038,LIGHTGBM,1281.3172172391314,1048.3725715672672,18.805236558947584,36
1039,XGBOOST,1432.4866332237648,1191.8165825737847,15.79627728351928,36
1039,LIGHTGBM,1355.5835275585448,1082.7704907066354,14.18503315816947,36
1040,XGBOOST,2074.732021620061,1723.9058159722222,21.20002774316278,36
1040,LIGHTGBM,1989.3935163827884,1612.2682403783167,19.67203603082806,36
1041,XGBOOST,1000.2615665652442,769.5448404947916,12.415533542042798,36
1041,LIGHTGBM,962.2506282829472,731.7529023834024,11.951193544635435,36
1042,XGBOOST,1093.780689704904,919.4990573459202,27.132371115847363,36
1042,LIGHTGBM,1055.3446502882687,886.5184418979866,26.698358477676653,36
1043,XGBOOST,1227.1649514935918,957.9981553819445,11.606643066041125,36
1043,LIGHTGBM,1225.7933002129387,982.6201760270781,11.93020121142307,36
1044,XGBOOST,1644.0807685038444,1430.574978298611,25.353283865278286,36
1044,LIGHTGBM,1644.7803326350818,1408.4633408268821,24.830150957706383,36
1045,XGBOOST,1869.7720580665875,1384.610119047619,14.70532619794725,42
1045,LIGHTGBM,2120.345828079137,1610.2373309154548,17.003732494963483,42
1046,XGBOOST,1862.6875106415357,1614.591525607639,19.367799743971847,36
1046,LIGHTGBM,1751.445104476597,1418.9815659587962,15.942864369896379,36
1047,XGBOOST,1518.3092658661096,1316.2434895833333,31.32223707514001,36
1047,LIGHTGBM,1477.5337230381253,1276.2371594688702,30.603052396102964,36
1048,XGBOOST,1583.4875614049292,1241.846462673611,16.7901145319491,36
1048,LIGHTGBM,1675.3856812917863,1244.2493456628306,16.82409451790104,36
1049,XGBOOST,923.9285779055821,801.4769829644097,21.99785661644766,36
1049,LIGHTGBM,865.7090159470449,760.6582219921622,21.17999004002467,36
1050,XGBOOST,1160.5658433844437,973.435045030382,13.822775174276424,36
1050,LIGHTGBM,1164.3032889391454,978.5329188216333,13.94631741469142,36
1051,XGBOOST,1703.8934696319045,1323.5256212022568,18.113994693218526,36
1051,LIGHTGBM,1866.8542956856736,1411.418265197029,18.585188267438262,36
1052,XGBOOST,1689.8132765915245,1428.8974745008682,23.516844653281037,36
1052,LIGHTGBM,1717.9327897258297,1411.9264539852857,23.5969559394989,36
1053,XGBOOST,2115.85603766793,1768.0380995008682,24.00139214234795,36
1053,LIGHTGBM,1823.9891524683667,1456.1858396642383,19.689554568036037,36
1054,XGBOOST,1491.984474847196,1240.0093451605903,22.91806674086632,36
1054,LIGHTGBM,1632.2881799967408,1307.5578216023164,24.221333221366198,36
1055,XGBOOST,1156.4752850832779,967.2602267795139,13.16659475932562,36
1055,LIGHTGBM,1191.6768216179391,975.8858305329021,13.38016293438287,36
1056,XGBOOST,1376.0526375771028,1178.9265001085068,27.08341675781689,36
1056,LIGHTGBM,1294.6282565647725,1098.955232201765,25.038721057589186,36
1057,XGBOOST,1374.4137201060228,1126.7536485460068,19.60505826726113,36
1057,LIGHTGBM,1365.3809343220573,1143.6474842961559,19.992469046673037,36
1058,XGBOOST,1876.7627257449153,1570.481689453125,25.63538087688968,36
1058,LIGHTGBM,1881.81600086812,1592.2028060924963,26.102173095560143,36
1059,XGBOOST,1125.2592438677593,790.9892578125,8.66552998198716,36
1059,LIGHTGBM,1187.5798618271713,861.3968922906765,9.443847170665325,36
1060,XGBOOST,1452.1845987353238,1181.5955268012153,18.587919150465485,36
1060,LIGHTGBM,1472.0579251181318,1180.481760893288,18.604708246612063,36
1061,XGBOOST,1543.0002596381585,1302.1610785590278,16.569208852055663,36
1061,LIGHTGBM,1313.3666006490487,1042.6877258894851,13.172283729699123,36
1062,XGBOOST,1243.5136401581678,1113.9283040364583,19.30875680421936,36
1062,LIGHTGBM,1406.7321982524452,1275.8531418528728,22.36566215373553,36
1063,XGBOOST,1594.8281928456213,1386.443122016059,34.123157665824074,36
1063,LIGHTGBM,1376.0783868221545,1163.44365463574,28.808732453158225,36
1064,XGBOOST,1821.3681777871159,1518.3768988715278,16.793812867745313,36
1064,LIGHTGBM,1673.7909234557276,1382.4654625389528,14.962110733150032,36
1065,XGBOOST,1298.592491504325,1073.2969631618923,29.508441190585167,36
1065,LIGHTGBM,1288.9654199350487,1067.5943634277207,29.77836613487346,36
1066,XGBOOST,2681.269298297501,2309.896484375,26.09099958400299,36
1066,LIGHTGBM,2897.6879631803195,2507.8955938722784,28.063087175865963,36
1067,XGBOOST,1604.6304359794244,1341.4812554253472,21.842914712446138,36
1067,LIGHTGBM,1435.1913943468353,1257.201976143976,20.5699625974117,36
1068,XGBOOST,1270.724936084424,1057.4601915147568,23.720856027995286,36
1068,LIGHTGBM,1185.4868462204126,988.116586488077,21.930263275984032,36
1069,XGBOOST,2140.921229808029,1811.1282823350693,37.69100908454007,36
1069,LIGHTGBM,2281.932419988635,1912.5978523535023,40.04617954282849,36
1070,XGBOOST,1281.3511744952104,1020.0119086371528,14.14573753091889,36
1070,LIGHTGBM,1326.59416863223,1040.3722852330138,14.163251128902491,36
1071,XGBOOST,1309.396955131409,1029.047092013889,18.458003493385224,36
1071,LIGHTGBM,1392.7735718388267,1119.6524455775668,20.224348425867607,36
1072,XGBOOST,1952.5875063270687,1645.4152425130208,28.371172662795303,36
1072,LIGHTGBM,1966.3678762897655,1606.732312143363,27.980614079704957,36
1073,XGBOOST,2891.33361246183,2371.8968098958335,29.50924780115056,36
1073,LIGHTGBM,2629.496997200039,2133.622974366005,25.934072198054203,36
1074,XGBOOST,1671.207899349815,1460.6279703776042,32.675535016032526,36
1074,LIGHTGBM,1589.7758522071715,1371.4249934031589,30.246325566449638,36
1075,XGBOOST,1428.0680454616136,1128.6284993489583,9.706148719094438,36
1075,LIGHTGBM,1479.377402181981,1138.3008046511807,9.732341568491963,36
1076,XGBOOST,1290.7046376976184,1056.7313774956597,29.959390680029003,36
1076,LIGHTGBM,1066.7449249038211,885.2606757067884,25.316997491006628,36
1077,XGBOOST,1605.4352067937134,1355.5221286349827,36.20238967788251,36
1077,LIGHTGBM,1552.6297082744045,1327.7108110859028,35.41048612628253,36
1078,XGBOOST,1767.2939502244092,1468.0626356336807,20.850142963115356,36
1078,LIGHTGBM,1878.4025092286215,1582.3306804575607,22.734975836898368,36
1079,XGBOOST,1994.4435105889954,1639.5224066840278,20.09326100924419,36
1079,LIGHTGBM,2035.1807299926295,1560.8593110017882,18.890696975941516,36
1080,XGBOOST,1572.8682453970885,1235.7948404947917,11.350189160253715,36
1080,LIGHTGBM,1690.0296118968095,1328.7961319035205,12.325515705084593,36
1081,XGBOOST,995.5544904787107,790.6815999348959,16.14329549423107,42
1081,LIGHTGBM,982.9980093343378,745.2590399200195,15.82752003860767,42
1082,XGBOOST,1441.2882210523696,1164.5442708333333,19.189114655833762,36
1082,LIGHTGBM,1522.0195814377678,1237.2788087548547,20.625301351331515,36
1083,XGBOOST,1252.3587220769382,971.0252956814236,17.598127811214923,36
1083,LIGHTGBM,1002.8411376360165,737.430951064361,13.32328951957532,36
1084,XGBOOST,1071.4449666553064,859.4935302734375,13.959638101637758,36
1084,LIGHTGBM,1211.741213711645,1000.058205056223,16.376762226126296,36
1085,XGBOOST,1557.367805002681,1249.69921875,20.11650064212152,36
1085,LIGHTGBM,1534.96890029514,1196.1664382450424,19.56985354706335,36
1086,XGBOOST,1812.8488015545774,1601.5429144965278,32.18738580121918,36
1086,LIGHTGBM,1849.8390081031687,1605.3056877890147,32.38532980743597,36
1087,XGBOOST,1136.8040184805811,913.9605034722222,14.54402271393705,36
1087,LIGHTGBM,1143.8010372040808,954.1749372304878,15.03320455748095,36
1088,XGBOOST,1831.4222391971866,1575.7047119140625,37.293129604986476,36
1088,LIGHTGBM,1855.158154229191,1580.464792849352,37.93976322977407,36
1089,XGBOOST,1891.7235532472835,1731.7393663194443,17.50790341852336,36
1089,LIGHTGBM,1977.8974193898375,1801.3628617581055,18.32640946647107,36
1090,XGBOOST,2056.1867297110607,1571.0582953559028,34.08442925904542,36
1090,LIGHTGBM,2190.6338068747623,1676.3622136042623,36.41756131042075,36
1091,XGBOOST,1728.4513703375462,1239.2612711588542,13.9776169994906,36
1091,LIGHTGBM,1818.6361497933674,1157.740725662733,12.403380295865162,36
1092,XGBOOST,1831.6382817638817,1479.290554470486,11.54767933380702,36
1092,LIGHTGBM,1795.8442544494073,1363.1809238019848,10.759430467363886,36
1093,XGBOOST,1279.5704510086532,1074.6175130208333,13.537897934034959,36
1093,LIGHTGBM,1318.247333613495,1059.8027505463792,12.824907867942725,36
1094,XGBOOST,1387.3136529464734,1077.0644666883682,23.77815822486376,36
1094,LIGHTGBM,1320.8091912948487,1037.5242149740056,23.112262167059455,36
1095,XGBOOST,1456.7940812137444,1142.0562337239583,27.27807485558217,36
1095,LIGHTGBM,1432.8130184541244,1122.6082415655478,26.753849948186726,36
1096,XGBOOST,1509.1253164492625,1305.8889295789932,24.136014695760707,36
1096,LIGHTGBM,1367.8496673935695,1137.5363863557307,20.756123437361776,36
1097,XGBOOST,1047.8043867357387,817.9405808221726,7.514179051273315,42
1097,LIGHTGBM,1133.7202464241195,774.5151065530293,7.35843261987149,42
1098,XGBOOST,1840.170222089562,1449.1138916015625,36.638422826219895,36
1098,LIGHTGBM,1804.343343454391,1430.1952833166595,36.34416709331057,36
1099,XGBOOST,1536.4276355205388,1113.8317406063989,12.76206833473327,42
1099,LIGHTGBM,1517.5614762510438,1082.6410618615018,12.340543464460518,42
1100,XGBOOST,1764.0517197729127,1489.9813774956597,35.39947558263315,36
1100,LIGHTGBM,1798.7296239636314,1539.4100802234566,36.88148441787942,36
1101,XGBOOST,2084.8292348800546,1739.3837348090278,17.46531505284633,36
1101,LIGHTGBM,2003.036625226453,1508.0681211310168,14.570291940793522,36
1102,XGBOOST,1255.1800785841356,1007.6527235243055,15.354826872229452,36
1102,LIGHTGBM,1270.0974202445036,1020.7440375034255,15.64459575931262,36
1103,XGBOOST,1111.6053604851668,948.4036865234375,17.167676999772084,36
1103,LIGHTGBM,1091.5295171781665,918.1138696179985,16.284273167024924,36
1104,XGBOOST,1188.7034781961186,935.6214328342014,17.87449471963696,36
1104,LIGHTGBM,1125.0574956907155,880.6407056369839,16.718446024112808,36
1105,XGBOOST,1428.5624574176065,1256.1555040147568,26.492429262591795,36
1105,LIGHTGBM,1357.0698300943704,1148.3981099926395,23.946311349212333,36
1106,XGBOOST,1471.0790450999602,1178.2291124131943,27.636932235501828,36
1106,LIGHTGBM,1445.457966174537,1138.956914417861,26.806356680442274,36
1107,XGBOOST,2034.9520086449447,1766.3583034939236,30.49013041197279,36
1107,LIGHTGBM,2174.2962907848205,1892.8469324054163,33.04170137455621,36
1108,XGBOOST,2192.28783107982,1753.6971299913193,43.558160326279285,36
1108,LIGHTGBM,2331.0460615513834,1882.1853820574734,47.28924293819516,36
1109,XGBOOST,1585.8000202555597,1343.8596733940972,29.66247340389772,36
1109,LIGHTGBM,1571.4957498383824,1327.620937264819,29.390787672307077,36
1110,XGBOOST,1727.076720946931,1522.4839274088542,38.46978845263663,36
1110,LIGHTGBM,1582.0872487178292,1376.180841241568,35.16029269189398,36
1111,XGBOOST,1995.5412009492645,1661.637403700087,41.663582833834724,36
1111,LIGHTGBM,2016.7047794841094,1682.0858848998364,42.53424837131989,36
1112,XGBOOST,3287.818977582348,2997.9058973524307,38.88371729547136,36
1112,LIGHTGBM,2828.5106513691344,2521.2779316999768,31.787509924861812,36
1113,XGBOOST,1289.1735387677807,958.8651665581597,15.175394536631979,36
1113,LIGHTGBM,1255.13299528095,932.9996236021353,14.762176226573137,36
1114,XGBOOST,4753.599017304308,4041.3540310329863,16.79954190890132,36
1114,LIGHTGBM,4439.5574380121925,3809.4359134321253,15.812717814402413,36
1115,XGBOOST,1590.7764673545255,1378.955810546875,20.121741484083902,36
1115,LIGHTGBM,1554.4741448944349,1376.950928803064,20.24513914561476,36
1,LSTM,1018.2947691035702,795.9399142795139,18.871184144541598,36
2,LSTM,1439.9599995353694,1056.0292019314236,26.70191779524325,36
3,LSTM,1765.4583307329347,1271.937717013889,21.83775908747309,36
4,LSTM,1192.2391786406317,988.4173583984375,10.268003942099536,36
5,LSTM,2061.575203775676,1240.6766628689236,44.55394431823288,36
6,LSTM,1142.4934296610604,800.8075968424479,21.52371739201762,36
7,LSTM,2599.159556107158,1757.7142740885417,22.535928372374034,36
8,LSTM,2072.689188176313,1557.2650078667534,29.86543736892415,36
9,LSTM,1782.2755579699747,1338.8904758029514,20.386483090351774,36
10,LSTM,955.1260344981954,746.4800754123264,13.427553344717118,36
11,LSTM,1742.0388921527558,1380.6732855902778,18.44866727058228,36
12,LSTM,1775.177094890879,1335.7290174696182,19.3891939560941,36
13,LSTM,1560.32657993835,1120.7722303602432,22.103822932426535,36
14,LSTM,1445.9718765197824,1078.6276041666667,23.10463871621984,36
15,LSTM,1426.4930748782979,1057.801784939236,15.27815671556586,36
16,LSTM,2014.2002680511014,1391.3410508897568,21.03941720650454,36
17,LSTM,2054.5048789325742,1585.6194390190972,38.11215475260891,36
18,LSTM,1503.6523392674155,1129.5456678602432,17.972373680035993,36
19,LSTM,1657.368510133233,1246.996554904514,23.39716523699636,36
20,LSTM,2262.4394162136177,1662.3255886501736,21.95351796387065,36
21,LSTM,1609.1390685127833,1138.8086886935764,20.320675860980284,36
22,LSTM,1063.4365241994094,845.1771511501736,19.071997755053406,36
23,LSTM,1290.199224309667,971.625501844618,19.21132276333625,36
24,LSTM,2500.734217333838,1824.7509901258682,21.012533030429143,36
25,LSTM,1999.157102962473,1616.6893310546875,15.841150410222028,36
26,LSTM,1271.844021036552,999.1675211588541,15.844473062743383,36
27,LSTM,2894.312562302614,2023.0431586371528,24.584822061670174,36
28,LSTM,1654.3831502502971,1285.312717013889,37.962882363265,36
29,LSTM,1649.8048174882829,1269.822536892361,17.015067527979443,36
30,LSTM,810.6909160658167,612.8978271484375,17.295803851285523,36
31,LSTM,947.9576748257364,803.903550889757,15.106632286989175,36
32,LSTM,1305.5436829344494,959.8901774088541,28.68876880189402,36
33,LSTM,1379.9670943920398,1165.284912109375,15.188872202997016,36
34,LSTM,1336.982036001554,1051.1480984157986,13.077942851810356,36
35,LSTM,3217.020927688265,2313.8436686197915,22.95551374667818,36
36,LSTM,1221.2545782158081,1041.2823350694443,10.311062425556035,36
37,LSTM,1340.5790683040675,1116.940185546875,18.898172907210878,36
38,LSTM,1412.082153843224,1117.1528659396702,18.559864699975886,36
39,LSTM,1600.2240643088423,1263.3642713758682,31.80154622777761,36
40,LSTM,667.9456054248492,578.1812879774305,13.671836828842643,36
41,LSTM,1000.4905487576558,821.029527452257,15.669809470393611,36
42,LSTM,2264.822564761621,1637.0484619140625,17.721816336374385,36
43,LSTM,2076.250219174263,1465.9471910264756,26.734286240647968,36
44,LSTM,1547.3341849537399,908.7222900390625,24.516690900969422,36
45,LSTM,1022.4090193563612,879.273912217882,17.430776463022124,36
46,LSTM,1099.60710482857,903.09619140625,17.065021761451696,36
47,LSTM,1658.2854238350374,1359.8340793185764,20.904868077580037,36
48,LSTM,823.4346578023817,572.5905083550347,20.653656478082695,36
49,LSTM,1210.1336771644785,1057.6370307074653,14.61274184268189,36
50,LSTM,1107.5257223421079,850.3281182183159,19.672461218268968,36
51,LSTM,1839.2000592546092,1597.783230251736,23.676116855319464,36
52,LSTM,1190.2072311849759,965.6171603732639,15.412823809753748,36
53,LSTM,1307.1883372622465,831.1936984592014,21.58568058188947,36
54,LSTM,5843.222394629588,5522.323187934027,73.0147149088899,36
55,LSTM,1765.7916819226484,1109.5576578776042,30.73292591067156,36
56,LSTM,1420.2679130656873,1205.3609890407986,15.934684761574596,36
57,LSTM,2632.4297496542836,1881.9154730902778,25.24272450760513,36
58,LSTM,1995.9262795423997,1463.717529296875,21.13446944750006,36
59,LSTM,1842.553655395544,1322.5958658854167,37.180992792631976,36
60,LSTM,2632.0436571033856,2014.7915717230903,28.51899392424828,36
61,LSTM,1277.3645780909437,1009.595947265625,19.988484821485912,36
62,LSTM,1620.756179938589,1195.0539686414932,23.79783298125377,36
63,LSTM,1369.5890338014833,1141.9863145616318,16.10397839281746,36
64,LSTM,1827.4927669888564,1516.964111328125,13.656048459261882,36
65,LSTM,3036.1218692170646,2274.440684000651,52.20683483884254,36
66,LSTM,893.0179808797903,696.0695529513889,10.896345179941404,36
67,LSTM,2285.2448942247674,1624.38525390625,24.719656724437666,36
68,LSTM,1396.2918377554922,1141.9248453776042,13.789412848603778,36
69,LSTM,1548.4646556653222,1273.683376736111,14.659906240923323,36
70,LSTM,1233.5942474782692,866.6196695963541,14.261092973210312,36
71,LSTM,2108.7598815914434,1682.3715955946182,20.383015705040542,36
72,LSTM,2142.146222849666,1365.3935241699219,43.56855306242717,36
73,LSTM,1167.5660958981127,878.183349609375,24.367420758975605,36
74,LSTM,1368.1167642007201,899.1382242838541,18.40286572945723,36
75,LSTM,868.8072610850375,669.1139729817709,11.075728851972714,36
76,LSTM,2249.602271853352,1601.3360053168403,19.003291749556617,36
77,LSTM,1572.392954889573,1245.3207194010417,16.201994115233347,36
78,LSTM,1638.0878366525835,1155.8423461914062,41.59379705066001,36
79,LSTM,1434.854351664289,1135.0077989366318,22.00585284866238,36
80,LSTM,1125.4602972066725,954.95849609375,12.527771268388028,36
81,LSTM,940.7318935774912,801.2671440972222,10.84441547175781,36
82,LSTM,2743.706070927235,2129.064704047309,27.725712354436826,36
83,LSTM,838.3008416021488,531.243910047743,17.208896048827928,36
84,LSTM,2406.7283055081725,1973.9287923177083,15.626703322815041,36
85,LSTM,2540.020971061653,1643.4935128348213,24.798458668905425,42
86,LSTM,1169.9503641582132,918.1812201605903,24.656136214769486,36
87,LSTM,1592.2351929880735,1103.0775689019097,21.742870274414784,36
88,LSTM,2524.835436872138,1584.2162746853298,45.01186856279462,36
89,LSTM,1199.459940701703,862.999281141493,16.181526147981508,36
90,LSTM,1548.98756967201,1150.6285807291667,14.72459913461656,36
91,LSTM,1381.6807707762587,1127.6504855685764,28.142270977805588,36
92,LSTM,1542.4133059349094,1086.4977010091145,19.177910735014656,36
93,LSTM,1720.4647023117122,1321.6436903211807,27.087369056262585,36
94,LSTM,1501.2105935320326,1246.3452690972222,17.52766574131546,36
95,LSTM,2224.2622173247632,1474.2572021484375,28.714202194207374,36
96,LSTM,3116.011215659901,2076.663045247396,69.5383375549444,36
97,LSTM,1708.6943818262107,1349.1634521484375,21.33172312234506,36
98,LSTM,989.698763469856,750.8516438802084,12.837704977504197,36
99,LSTM,1008.4800794768854,841.7767740885416,16.831741780987635,36
100,LSTM,1031.292348322668,841.3732638888889,10.217352515790298,36
101,LSTM,1675.5470659890982,1416.3057183159722,21.017320161271385,36
102,LSTM,2033.25907058534,1457.7451714409722,22.73880684652574,36
103,LSTM,650.1115290179054,507.7338460286458,11.347414077387599,36
104,LSTM,1135.2094071704091,880.83251953125,8.534044915736839,36
105,LSTM,1610.0737698057894,1305.0510660807292,32.02303942870578,36
106,LSTM,1824.7800343383592,1379.9387885199653,17.887025237507036,36
107,LSTM,963.1590274513695,809.0262179904514,10.438883453279285,36
108,LSTM,2230.412958586555,1830.104519314236,15.448518136193576,36
109,LSTM,1443.6576131082147,1070.7029486762153,18.527353394908786,36
110,LSTM,1164.6702599976563,989.1210123697916,22.467063995482917,36
111,LSTM,1117.0995093082897,896.1199001736111,12.763334116789201,36
112,LSTM,929.1445689594688,747.7894287109375,11.924462635036067,36
113,LSTM,1037.317310665006,857.8870578342014,16.29715173914942,36
114,LSTM,870.842932771389,737.2746310763889,15.307390366358401,36
115,LSTM,1441.602847127307,1147.1622450086807,15.375373893231867,36
116,LSTM,1329.0217127597552,984.2522379557291,15.44469573625179,36
117,LSTM,893.8526132246171,681.5367431640625,23.74231763903277,36
118,LSTM,1931.1685180084537,1471.8745659722222,18.50220566742674,36
119,LSTM,1216.7599565344208,929.7537841796875,17.31878337447382,36
120,LSTM,1603.8677368719061,1222.1757405598958,17.73233431015814,36
121,LSTM,1145.8348376981187,883.7865600585938,28.45323814117896,36
122,LSTM,2107.142151771815,1633.284644717262,26.515693041000876,42
123,LSTM,3116.6398007782113,2136.351060655382,42.36882543441614,36
124,LSTM,1177.2237987792696,889.3619113498264,22.4235767700374,36
125,LSTM,2847.8309593794825,2170.0660536024307,20.830603938510095,36
126,LSTM,1116.2569108184684,864.7081773546007,18.030252673186514,36
127,LSTM,1667.1249531671915,1258.8269924587673,23.291316458956622,36
128,LSTM,1467.025353649377,1103.8613959418403,13.164238740679583,36
129,LSTM,1539.413282518944,1253.9041612413193,15.539581293812532,36
130,LSTM,921.3925844928746,673.3327229817709,13.379502918150088,36
131,LSTM,861.0834576355875,688.307386610243,13.281421593948991,36
132,LSTM,1175.9177232343313,953.2434895833334,12.925249874158373,36
133,LSTM,1561.3590261511338,1207.5829399956597,26.793893978587185,36
134,LSTM,1280.0855875379375,942.2838270399305,24.060305561312788,36
135,LSTM,1677.9105448232942,1433.4538709852432,24.2398766384194,36
136,LSTM,1291.9480352695562,964.626451280382,17.117710195935697,36
137,LSTM,2138.4028379311685,1809.5039876302083,26.467112765767943,36
138,LSTM,4184.156726151021,3063.017018636068,59.44221008319551,36
139,LSTM,2860.8385998130066,2232.7940538194443,40.95831946845676,36
140,LSTM,1868.97067132194,1418.7000461154514,20.419133077231397,36
141,LSTM,1393.0987030218555,1074.7781575520833,22.32250000574828,36
142,LSTM,937.3590249591357,773.9339328342014,19.355429157694235,36
143,LSTM,1973.4971587530945,1308.4888916015625,24.867886378339417,36
144,LSTM,1161.7528512850283,842.9295925564236,12.114347589206528,36
145,LSTM,1496.601841645467,1215.1697455512153,15.207264358624862,36
146,LSTM,2116.566837240197,1493.3347710503472,20.518378103124657,36
147,LSTM,1561.4171429743715,1189.1915690104167,15.52871874925565,36
148,LSTM,1404.597739421057,1002.2186550564236,12.177939081479899,36
149,LSTM,3483.0580651034534,2755.7825317382812,53.05070576971307,36
150,LSTM,1556.4842076583636,1294.3931749131943,15.596609931923558,36
151,LSTM,2172.787916470507,1437.6431342230903,22.846798014465236,36
152,LSTM,1527.8279762484362,1162.0198567708333,27.450834004472984,36
153,LSTM,2058.250165538251,1257.3783230251736,27.91080274216007,36
154,LSTM,2368.2365424846703,1783.4544813368057,21.62969843295308,36
155,LSTM,1774.57774603435,1415.6056043836807,21.816167709205974,36
156,LSTM,2216.945857350311,1542.9168836805557,38.11281406020596,36
157,LSTM,2075.6144929064594,1640.4519178602432,18.45267403252523,36
158,LSTM,1155.6100238949261,968.9991455078125,12.06788908237093,36
159,LSTM,1634.996275865128,1113.086154513889,15.70005340846094,36
160,LSTM,855.5196917404886,639.4119669596354,11.668471092199905,36
161,LSTM,1029.5846850528712,827.9933403862847,12.192458635977808,36
162,LSTM,2128.1414147984433,1471.8934733072917,19.480070729024813,36
163,LSTM,1004.2402231260121,777.5924072265625,12.890041539363683,36
164,LSTM,1772.483520043254,1327.2994384765625,22.23448055472045,36
165,LSTM,966.4762415191825,613.5166286892361,17.57216731314709,36
166,LSTM,967.3572261521604,724.93603515625,12.58450289771763,36
167,LSTM,2963.2553001352794,2081.270073784722,31.149286438813633,36
168,LSTM,2729.460084960156,2061.7454291449653,33.48174558880342,36
169,LSTM,1862.6104751155774,1527.575927734375,30.43301893218428,36
170,LSTM,1110.1666977230693,919.6803656684028,23.9374894924401,36
171,LSTM,2587.272944018716,1740.282931857639,26.258316399681352,36
172,LSTM,700.3700518411408,567.0614284939236,8.348907797749556,36
173,LSTM,1777.8815686795872,1428.0192192925347,18.26483263346705,36
174,LSTM,979.647793340193,861.7499593098959,14.366636716979214,36
175,LSTM,951.8656732702714,809.107177734375,13.668037581502585,36
176,LSTM,1569.0476638454809,1132.1713324652778,29.662538301185627,36
177,LSTM,2045.9183888941286,1328.123291015625,59.5385704107073,36
178,LSTM,2378.766164833072,1807.302273220486,20.246395810930427,36
179,LSTM,1927.9708930178044,1408.273898654514,21.966747425697587,36
180,LSTM,1298.1218527634924,1009.9404568142361,14.61859841437012,36
181,LSTM,3173.3009610501576,2050.874803331163,45.3729196291487,36
182,LSTM,1309.7949431770887,1136.9442681206597,22.748888253212154,36
183,LSTM,2497.2563365472315,1617.8311176915322,24.20486177457352,31
184,LSTM,1404.2452832086494,1057.4915635850693,18.605138122658257,36
185,LSTM,1702.1510739683752,1526.0502794053818,26.340286498032704,36
186,LSTM,707.1842281257483,557.2024468315972,14.879216259246386,36
187,LSTM,1393.715147890339,1083.1234944661458,19.507058101092486,36
188,LSTM,1377.0320159124972,1053.2262776692708,20.838347601882802,36
189,LSTM,1861.9487479936915,1394.4181043836807,18.366339430438405,36
190,LSTM,1496.2476240304293,1154.3599853515625,16.23729975588852,36
191,LSTM,1172.6879644404748,1002.9201388888889,14.594568541675477,36
192,LSTM,2202.9777680655193,1775.3938530815972,12.830657852707885,36
193,LSTM,1235.8310849657994,896.5519409179688,19.77940852492464,36
194,LSTM,654.8414661721112,540.1557074652778,11.109687151429439,36
195,LSTM,1793.8004602975407,1452.3416612413193,14.757200388448402,36
196,LSTM,1190.5262517535139,880.3352322048611,17.546281225024362,36
197,LSTM,1255.4185960061043,1006.3120524088541,14.90538081972794,36
198,LSTM,1687.4049718698932,1002.0006069607205,79.31843834845253,36
199,LSTM,1610.8985104915132,1323.0408528645833,17.15861787364046,36
200,LSTM,1250.3141073408026,968.2331271701389,13.02292415487363,36
201,LSTM,858.5648276564636,671.3620537651909,12.349688571825006,36
202,LSTM,1031.385966431576,868.2664388020834,14.119715752107645,36
203,LSTM,2253.3968558152787,1778.4180908203125,28.203928885671942,36
204,LSTM,1154.5835838703692,886.7558051215278,16.30546604930626,36
205,LSTM,1239.0609607776207,968.9368896484375,15.097449506140523,36
206,LSTM,2005.9619761580796,1556.0398491753472,23.029644597287856,36
207,LSTM,2925.481646186877,1928.5542127821182,20.187393371514478,36
208,LSTM,497.2428498522861,411.7161797417535,13.300104224135179,36
209,LSTM,2285.7918831753404,1899.0879574730284,38.41035887958205,42
210,LSTM,764.98974437503,649.0010104709202,25.05670106280308,36
211,LSTM,4045.078926531893,3004.5201280381943,24.682015331783802,36
212,LSTM,919.6272242732219,712.8406711154514,16.847572565790145,36
213,LSTM,1639.1293922742705,1229.8341742621528,15.400348677776298,36
214,LSTM,1244.5950016172883,1035.9903564453125,11.278329952752296,36
215,LSTM,1220.4506055354311,991.9999321831597,15.93526436132031,36
216,LSTM,1214.4112889004934,888.7702094184028,13.898142953069836,36
217,LSTM,948.8360786935791,784.5704210069445,17.43412146589624,36
218,LSTM,2669.8212565848294,1788.9641248914932,63.37179805991988,36
219,LSTM,1026.811243827135,761.2093200683594,31.13357182747774,36
220,LSTM,1160.575079810324,813.5359157986111,20.0313859572367,36
221,LSTM,995.9845932147605,831.8876139322916,12.9065822415658,36
222,LSTM,1503.567553000623,981.7699042426216,24.740195507098957,36
223,LSTM,1672.6841769586913,1278.6435682508682,17.634411604102045,36
224,LSTM,1286.6798809871013,940.8649224175347,12.048575827621939,36
225,LSTM,1280.7438400244707,1067.6370442708333,21.570105723370624,36
226,LSTM,1254.7402621695649,939.6747368706597,15.790305542439736,36
227,LSTM,1302.4458794218062,951.1339518229166,18.519501269018342,36
228,LSTM,1152.206666811272,931.220472547743,11.892014244931273,36
229,LSTM,1685.4499739900627,1415.0632866753472,16.810669012900924,36
230,LSTM,1822.2736174544254,1513.063232421875,21.68159757976151,36
231,LSTM,949.7958187459902,743.3372870551216,15.556165776293204,36
232,LSTM,728.7279717105303,570.0612114800347,17.286562783772222,36
233,LSTM,1452.5953317037108,1117.1991102430557,12.330994595167073,36
234,LSTM,2350.3714466305996,1642.2601318359375,16.550245498816622,36
235,LSTM,1428.1605660753064,1009.9348347981771,21.54136036066011,36
236,LSTM,2688.488923633803,1762.5416259765625,30.934700533842896,36
237,LSTM,729.3444584704458,593.3414238823784,13.423798892557251,36
238,LSTM,1786.8655224750687,1364.2284613715278,20.003951807771042,36
239,LSTM,1183.1713730545837,898.2002699110243,19.38340864541315,36
240,LSTM,766.7592925198551,625.5510660807291,14.316951041496257,36
241,LSTM,1273.764512254148,983.6698404947916,15.833507238673475,36
242,LSTM,1177.6277098151286,923.7115817599827,22.53551074327038,36
243,LSTM,1721.8186237654402,1258.2333441840278,20.654952478430463,36
244,LSTM,1717.7694602573079,1274.478047688802,26.07236605682688,36
245,LSTM,1065.80184365608,870.6470540364584,9.31368283281467,36
246,LSTM,1226.9706060892188,940.1009250217014,13.817281746842863,36
247,LSTM,2499.6416952551194,2003.7688530815972,27.432729970559194,36
248,LSTM,1388.134111489883,1067.435031467014,13.639689157406798,36
249,LSTM,957.2229414712301,832.5172932942709,16.77046061240092,36
250,LSTM,2209.1928400249876,1656.451877170139,21.046725952444106,36
251,LSTM,2673.209829317891,2116.038330078125,12.021117283244791,36
252,LSTM,2335.9278093642456,1904.759304470486,18.85952723848062,36
253,LSTM,2250.4365687388067,1243.1533610026042,29.393065143216536,36
254,LSTM,651.8573704162455,534.3621080186632,19.251007331232305,36
255,LSTM,896.6200046138492,738.6064046223959,12.212338451516214,36
256,LSTM,2213.904198599708,1597.8073187934028,23.143204620584154,36
257,LSTM,2036.0401721829887,1420.8919881184895,39.679734667246706,36
258,LSTM,1077.2427340752056,802.6552463107639,14.558345145717746,36
259,LSTM,2743.5956424359265,2091.6110723586307,17.957408508375945,42
260,LSTM,631.640366662263,513.5694986979166,8.427115922263525,36
261,LSTM,3258.4329076483045,2530.5962999131943,25.69079492261677,36
262,LSTM,4943.899374062289,3626.0841703869046,17.886003814754943,42
263,LSTM,683.612950549187,597.0041029188368,13.763992251775056,36
264,LSTM,1511.0640993316692,1191.833767361111,20.049102345477444,36
265,LSTM,2120.8841131835607,1589.4747653537327,38.24628833332893,36
266,LSTM,1287.0455328809567,1020.7299194335938,31.170487733313855,36
267,LSTM,1892.8961462802572,1514.3109130859375,17.55183754100584,36
268,LSTM,1214.308871042487,957.077134874132,23.95328083131078,36
269,LSTM,2673.5801225606065,1836.5568712022568,30.116344826906843,36
270,LSTM,1236.7625168986347,970.489488389757,9.716666111196371,36
271,LSTM,3592.3725008517818,2382.605170355903,64.13364875241611,36
272,LSTM,2395.0926889969187,1683.5827975802952,36.077748178428486,36
273,LSTM,2192.9826592539625,1568.3031684027778,23.305606223654486,36
274,LSTM,1485.7492452970273,1282.2685081845239,21.2895833455704,42
275,LSTM,1455.551732968227,1171.2594129774307,18.262842776079495,36
276,LSTM,1000.7587267998786,737.2327270507812,27.554304473609996,36
277,LSTM,1252.0506838580604,1045.9781222873264,18.65669508644968,36
278,LSTM,2057.464050839746,1439.860324435764,25.135989881692588,36
279,LSTM,3415.7162832415847,2718.060207790799,29.530339518608685,36
280,LSTM,804.599959084082,661.7745768229166,10.35883957045653,36
281,LSTM,857.2644528000128,723.2539469401041,12.418982258584872,36
282,LSTM,1351.2769171015636,1081.231913248698,27.002206452041417,36
283,LSTM,1630.0799084743012,1320.6192084418403,17.410522530127515,36
284,LSTM,1042.23545083369,875.5800577799479,16.579418478652926,36
285,LSTM,997.9942141969348,809.5150146484375,15.919335851082291,36
286,LSTM,1656.63205325583,1277.6994289822048,57.25685194405153,36
287,LSTM,1015.5354648114669,824.1370307074653,10.179598149248895,36
288,LSTM,1326.3716249056906,1095.3044976128472,22.507797187744462,36
289,LSTM,1656.7179307809097,1404.1248643663193,24.83008205268312,36
290,LSTM,2262.158032379499,1594.3172064887153,29.22755908804412,36
291,LSTM,2450.791037783549,1794.9703640407986,29.36100867506304,36
292,LSTM,5106.582149875724,2780.312106662326,55.27129561642293,36
293,LSTM,1382.2431381907986,860.886705186632,17.083115450140852,36
294,LSTM,1561.195400747998,1164.3051622178818,23.310750304243445,36
295,LSTM,997.4478954684681,794.6537814670139,13.990864149894941,36
296,LSTM,1470.979475138972,1143.2286105685764,19.080710542135705,36
297,LSTM,2701.325411299408,2022.6873372395833,33.84004494280948,36
298,LSTM,1313.8005530299388,1134.7893608940972,14.07313750673774,36
299,LSTM,2372.4483988883203,1947.5375104631696,26.57672543855339,42
300,LSTM,1273.0148935963605,1020.4910074869791,13.34112348316489,36
301,LSTM,925.3474253501435,698.286363389757,14.930470209615102,36
302,LSTM,713.9339680944947,608.8926730685764,17.46565077314995,36
303,LSTM,1402.2903088500018,1048.08203125,20.20193157970385,36
304,LSTM,1542.6242327004143,1135.255154079861,19.346354165152754,36
305,LSTM,2202.437647560005,1839.6852077907986,31.169585276938694,36
306,LSTM,1018.4577936079996,774.9735989040798,18.391287924296424,36
307,LSTM,1032.5182702660475,772.7495269775391,40.046242340338715,36
308,LSTM,1974.7170977853632,1457.5596110026042,18.653133090769103,36
309,LSTM,1450.8180440212695,1091.2309163411458,18.197189718000295,36
310,LSTM,2783.779182581591,2215.3291945684523,41.52831084628599,42
311,LSTM,1148.4018489882171,872.6987575954861,13.729212400476564,36
312,LSTM,1132.0191996444478,836.168701171875,15.887854274051666,36
313,LSTM,1800.202390087069,1385.3510199652778,22.807995113839652,36
314,LSTM,1260.3539236748252,1045.1765882703994,23.576724394192105,36
315,LSTM,1043.9419243488965,765.9261678059896,23.107492148508964,36
316,LSTM,2115.226267774242,1740.6162109375,17.75119974704914,36
317,LSTM,1063.1231187443973,933.7731119791666,18.36165170770418,36
318,LSTM,1559.498180682935,1245.2417399088542,18.55420544823908,36
319,LSTM,1488.358278330136,1193.8664686414932,17.98619869520559,36
320,LSTM,2922.8754782804303,2443.0228678385415,17.212667100289167,36
321,LSTM,827.9147644681296,622.510009765625,10.624659499748443,36
322,LSTM,2512.0372274544984,1826.4964870876736,55.529354737540395,36
323,LSTM,931.5702086910072,793.4940049913195,10.67669610893684,36
324,LSTM,3592.1985396119544,2427.8538479275176,88.5604811099549,36
325,LSTM,1394.6638028452448,1087.2713894314236,21.78262051283516,36
326,LSTM,889.5012722631328,792.3219672309028,15.28289102880569,36
327,LSTM,1996.4920803942227,1590.145290798611,23.665964937339183,36
328,LSTM,1801.3143099567048,1220.9812859429253,38.15617220514552,36
329,LSTM,1640.1466922893635,1268.1070692274307,21.579282092620048,36
330,LSTM,979.5983575930917,827.7418280707466,23.924891376123693,36
331,LSTM,1271.0552830853137,1003.3218180338541,20.343160529523292,36
332,LSTM,1845.5215741817317,1162.1768764919705,55.676565910401756,36
333,LSTM,1676.632500521788,1193.7352701822917,13.100595973485277,36
334,LSTM,788.4400092951661,668.40380859375,14.380183889783218,36
335,LSTM,4827.252001580177,2996.2505929129466,27.326503607986414,42
336,LSTM,2869.037058106153,2036.652370876736,17.123599804896873,36
337,LSTM,592.4503376732179,484.00580512152777,9.067226747572352,36
338,LSTM,1420.1615544199233,1069.5214301215278,16.230160016339834,36
339,LSTM,1130.6868391390417,953.8344184027778,20.544574517838754,36
340,LSTM,1569.5377222587313,1147.2225884331597,19.269524075020446,36
341,LSTM,1016.3706841615918,798.5893758138021,14.445000683463224,36
342,LSTM,1955.6883101676863,1509.7654622395833,14.075815802970403,36
343,LSTM,2039.901094548016,1543.7643907335068,22.673710070174636,36
344,LSTM,2401.022642247686,1811.0693223741318,20.2611300976766,36
345,LSTM,1018.7183321020918,787.8199734157986,20.41751313018607,36
346,LSTM,1160.7058151502742,875.6387125651041,12.550717253078425,36
347,LSTM,741.17646915825,587.4956325954861,12.041964199334872,36
348,LSTM,1299.5854666677942,1042.0910237630208,11.141380151084627,36
349,LSTM,1116.1635782019926,907.1771104600695,11.135763291411253,36
350,LSTM,1397.3199491066123,1121.1255425347222,16.721372797965977,36
351,LSTM,1222.9917121317774,954.6503499348959,15.841794729524498,36
352,LSTM,977.6249593445151,813.3486735026041,13.3199405048638,36
353,LSTM,1384.8842745705979,1004.1976492745536,16.263736173835124,42
354,LSTM,1807.6987592655294,1398.9923502604167,17.573647175560055,36
355,LSTM,1912.277923937758,1360.5011528862847,17.560723181149196,36
356,LSTM,900.2433765350362,772.0712212456597,12.756074518223837,36
357,LSTM,1978.4857697678356,1494.8798963758682,19.887617730966127,36
358,LSTM,2397.0443802132,1528.354763454861,17.223182635951993,36
359,LSTM,1295.9859129751765,1132.7212320963542,18.073129941060397,36
360,LSTM,1970.9568438300687,1438.9085557725693,26.494170710481583,36
361,LSTM,1243.857566675281,1030.3533121744792,18.120679584242293,36
362,LSTM,1557.065181210588,1226.4430474175347,13.975555646676149,36
363,LSTM,1363.2068652182577,1040.2186686197917,15.401741460554044,36
364,LSTM,1004.8703025551893,815.1273871527778,17.118785307133695,36
365,LSTM,1056.8275701981495,834.2141859266493,16.06040078134772,36
366,LSTM,3029.2176117152026,2046.2259724934895,51.14679080137902,36
367,LSTM,1519.6404497001015,1083.3179117838542,21.380995648979713,36
368,LSTM,2780.6613282544354,2033.7059461805557,22.348117013238454,36
369,LSTM,876.6512407918794,726.5757242838541,11.366997488952586,36
370,LSTM,1685.3864208298476,1384.1885715060764,16.483482047960052,36
371,LSTM,1311.4379052172544,961.4343872070312,15.512190972135242,36
372,LSTM,1948.252947661095,1479.7728000217014,16.531088316890127,36
373,LSTM,649.4153580279922,551.6246609157986,12.617596368699823,36
374,LSTM,2302.4571947122563,1585.6277872721355,28.28313197585206,36
375,LSTM,5677.263151271373,3369.2333713107637,58.40799729204901,36
376,LSTM,1938.1219736756418,1521.8800048828125,20.63055351284454,36
377,LSTM,2031.673096937889,1629.5928819444443,21.915654373709483,36
378,LSTM,1935.1968487684458,1522.8428141276042,24.821568019842267,36
379,LSTM,913.3410485929626,721.2228936089409,20.37713927501964,36
380,LSTM,1969.6734360657883,1487.3915473090278,11.269934685760832,36
381,LSTM,3516.5807156617902,2463.4964463975693,37.17156450632161,36
382,LSTM,2721.444601970691,2087.013034396701,30.81305174903943,36
383,LSTM,1949.5619670092449,1565.621337890625,9.668808042879348,36
384,LSTM,2881.380299895637,2211.807671440972,30.00056111027098,36
385,LSTM,1540.8985062165248,1251.4369574652778,19.194217890794828,36
386,LSTM,1605.6837402864244,1277.676296657986,19.164160136759847,36
387,LSTM,2554.0343029309483,1772.0377468532986,22.628770326141584,36
388,LSTM,2377.23788989644,1555.421875,17.99765490568312,36
389,LSTM,2521.9893267443854,1876.619411892361,19.479919096832244,36
390,LSTM,2252.4217017484543,1746.4720594618057,15.57426398832494,36
391,LSTM,1807.7076597519078,1202.0705159505208,35.21952984975185,36
392,LSTM,2079.4321359647097,1438.5602891710068,26.34499092501566,36
393,LSTM,973.4861577971961,750.2516140407986,12.867655808038775,36
394,LSTM,1616.917754102908,1371.1535237630208,16.00419742568623,36
395,LSTM,728.202266150205,573.4459228515625,17.039487721266045,36
396,LSTM,2939.2795278634676,2272.0668131510415,29.36246580708937,36
397,LSTM,1463.392758961409,1017.6377495659722,21.647290319759776,36
398,LSTM,1175.106310166838,917.6231553819445,16.187657972806683,36
399,LSTM,1223.0428933522917,960.1641845703125,16.93755510619204,36
400,LSTM,4184.533273671504,2845.6120876736113,43.74862521539759,36
401,LSTM,4414.381708832628,3096.0833333333335,67.34572558338073,36
402,LSTM,1362.9184855508267,1107.9420844184028,19.909042792384927,36
403,LSTM,2396.007906005913,1449.6958685980903,24.385856775168552,36
404,LSTM,1684.3491243936378,1233.6331515842014,31.849100829514715,36
405,LSTM,1478.950778241204,939.3107977973091,26.816819004612384,36
406,LSTM,1505.8309570628048,1373.8562825520833,20.339664777916212,36
407,LSTM,632.1856915481594,495.2326253255208,12.04431952325858,36
408,LSTM,905.3542757953138,651.0380588107639,12.299903346478233,36
409,LSTM,1178.5215329286173,939.118638780382,14.847243977368363,36
410,LSTM,1494.3779854387608,1096.2793918185764,20.694822169200176,36
411,LSTM,1812.0341688334222,1497.2614067925347,16.868352671591623,36
412,LSTM,1772.1168387130106,1506.892795138889,16.735869665091116,36
413,LSTM,1665.019000900658,1072.988552517361,19.58656382753792,36
414,LSTM,1125.7076195205152,973.4048529730903,15.043400207135612,36
415,LSTM,1106.32395722794,886.9959174262153,13.912944178662748,36
416,LSTM,1894.3572473059576,1486.265109592014,14.270716369355737,36
417,LSTM,2047.5300686637981,1414.8416273328994,24.863578110448113,36
418,LSTM,1845.6669464142788,1234.561774359809,31.1906689876336,36
419,LSTM,1181.8030769061681,887.1377020941841,20.15454497445553,36
420,LSTM,988.2516185592366,824.6304660373264,17.144708250560107,36
421,LSTM,1983.6131599170044,1627.6986762152778,16.68597828333411,36
422,LSTM,547.2704418785637,423.06907823350696,10.43708740058471,36
423,LSTM,2195.9180662897224,1617.1876395089287,13.360391546889588,42
424,LSTM,1467.1604930400676,1092.8607991536458,15.110234544816272,36
425,LSTM,777.9765145914731,559.4366726345486,21.05250993810136,36
426,LSTM,1016.9392980060921,777.9518771701389,18.258389637284374,36
427,LSTM,2378.5565925598858,1702.1113823784722,22.41376822974289,36
428,LSTM,912.5452826915794,710.6367458767361,10.34037591265179,36
429,LSTM,944.8003892621035,767.6227484809028,15.277743119663942,36
430,LSTM,1186.12876762958,1007.1864691840278,12.224818080565505,36
431,LSTM,1543.1919760885808,1239.2659640842014,13.301183157577448,36
432,LSTM,2621.0267797645256,1970.7969563802083,20.561784473625053,36
433,LSTM,2570.769091590402,1902.9064650762648,63.01821821267585,42
434,LSTM,1426.1722926647724,1205.874972873264,12.231672382126584,36
435,LSTM,903.3857616367801,719.8071967230903,27.07839620426799,36
436,LSTM,1297.5907576510958,958.5461086697048,18.678184558034815,36
437,LSTM,1818.656703005484,1506.5317789713542,23.234896225644462,36
438,LSTM,1678.7568429503374,1218.4666544596355,24.12877882764612,36
439,LSTM,1639.1594262610051,1238.8529459635417,20.293873591975924,36
440,LSTM,1504.1313884970739,1115.147732204861,26.656782184284555,36
441,LSTM,1122.365209479055,943.4290771484375,15.210528032928613,36
442,LSTM,861.7182334126384,694.1908365885416,16.53662322431739,36
443,LSTM,1360.9715583525672,1023.4514567057291,21.101567070021428,36
444,LSTM,2110.4412544828756,1650.804660373264,14.864574338548872,36
445,LSTM,1134.0762998374764,903.8781195746528,10.691620647671291,36
446,LSTM,1892.8611439635472,1389.8970336914062,40.186207874342465,36
447,LSTM,794.0521486441808,609.6765814887153,10.796334932457263,36
448,LSTM,2120.9084054850086,1539.1423204210068,22.81993785839726,36
449,LSTM,2384.8264726199495,1884.0047743055557,19.448961316686535,36
450,LSTM,1594.2619194757776,1315.5182291666667,15.387942515768518,36
451,LSTM,1097.2421410194013,860.8065185546875,14.965429980857442,36
452,LSTM,1297.2044924634129,999.3555297851562,23.786448520630245,36
453,LSTM,2613.28789170421,1989.2117745535713,25.652864878430957,42
454,LSTM,3392.9656938112844,2358.355555216471,79.15308297721167,36
455,LSTM,1351.898932809157,1160.7060004340278,14.905635234680092,36
456,LSTM,1233.8043420393626,928.7080078125,18.45929191013938,36
457,LSTM,1251.962038658109,961.5350748697916,17.85703130972326,36
458,LSTM,1927.7657158382535,1465.4834120008682,20.11441792709229,36
459,LSTM,2800.0945233599327,1869.2725965711807,27.220650283102664,36
460,LSTM,1559.0502062431854,1084.736334906684,38.7892383607083,36
461,LSTM,871.0218140115616,751.7610473632812,17.305166163821482,36
462,LSTM,1351.815145191513,985.7164984809028,32.342203443521186,36
463,LSTM,1841.4724052682832,1465.9611409505208,29.02535889914621,36
464,LSTM,1652.0673446739559,1341.4015706380208,12.259456783609982,36
465,LSTM,1398.1996544210613,1017.2637261284722,13.201714958269758,36
466,LSTM,2637.840190503399,1941.1229926215278,34.58889316597699,36
467,LSTM,2715.5428170562864,2101.980278862847,17.286649740410123,36
468,LSTM,2940.519603963685,2433.6048990885415,41.28884767561314,36
469,LSTM,2347.8820598991847,1865.1693386501736,15.441108708029738,36
470,LSTM,2908.392071973452,2240.2370334201387,20.43432228215517,36
471,LSTM,1103.7247891683728,874.9802517361111,12.94226743124931,36
472,LSTM,927.5731596026267,717.2844916449653,13.993758255038975,36
473,LSTM,802.9362185356127,614.8462727864584,23.668612471655834,36
474,LSTM,2218.001891934303,1476.6839328342014,25.899971628347725,36
475,LSTM,1284.9313241935697,1020.8906792534722,18.470780956135222,36
476,LSTM,2902.9812891127567,2065.3128662109375,50.84429974361995,36
477,LSTM,1275.2783111754663,973.1021457248264,13.955521175787144,36
478,LSTM,1604.9972169029347,1146.7574055989583,21.05753891534732,36
479,LSTM,2785.026085267842,2192.8668348524307,22.954928416894248,36
480,LSTM,2212.0857987080367,1364.7505425347222,44.55993483713017,36
481,LSTM,1455.0944558306787,1197.040554470486,23.205721744114932,36
482,LSTM,1519.6065677385907,1241.8683675130208,17.010883052868454,36
483,LSTM,3211.9115262492724,2331.554473876953,89.02612446175317,36
484,LSTM,1165.4332017362385,985.789048936632,12.974820957555346,36
485,LSTM,793.4178726663334,665.4296468098959,12.964479307343044,36
486,LSTM,1190.4292021503002,904.8364461263021,24.461879868801528,36
487,LSTM,1381.0829016399937,1236.7137993706597,18.748525617032616,36
488,LSTM,555.2021233671322,461.8907741970486,12.284398295460447,36
489,LSTM,4170.4455039020695,2557.7847900390625,57.261364253725844,36
490,LSTM,1238.2279532916405,1012.8292643229166,13.163374117838334,36
491,LSTM,1453.7084397745177,1280.8930257161458,20.23480216292917,36
492,LSTM,1517.9204188319054,1185.6521131727432,16.0652767876831,36
493,LSTM,1845.1817670118749,1297.0361328125,14.714154242902028,36
494,LSTM,1369.5728597735713,1067.2627650669642,15.379682995689322,42
495,LSTM,1167.0354510863465,939.040785047743,18.932919358640625,36
496,LSTM,2090.9392556398197,1669.241726345486,24.664777320525154,36
497,LSTM,1428.885519251771,1095.33984375,13.786733595284586,36
498,LSTM,702.8149484582044,541.3068576388889,7.9566757342310686,36
499,LSTM,1415.0363162774127,1222.7113850911458,24.189072335524767,36
500,LSTM,830.1490833467066,681.860609266493,10.943420940156388,36
501,LSTM,1222.5415880336393,917.1416422526041,26.6706837622181,36
502,LSTM,2187.3596868799723,1626.105251736111,15.744325983816976,36
503,LSTM,2048.9537538425743,1739.934326171875,28.010953714873033,36
504,LSTM,1451.9363121090225,1140.6717122395833,16.811955349765277,36
505,LSTM,1954.5414265231632,1556.1642116970486,39.76946755440769,36
506,LSTM,2019.2584504618026,1373.7290581597222,22.367223648258594,36
507,LSTM,2156.874618764897,1602.3814697265625,20.035117804747866,36
508,LSTM,2140.904675454925,1547.3560791015625,24.038885148450895,36
509,LSTM,2294.6586204471214,1402.3826633029514,29.422631103448104,36
510,LSTM,2327.198893117539,1543.1249864366318,25.17045953250362,36
511,LSTM,636.0835293519194,503.7896321614583,8.552879973631539,36
512,LSTM,1115.1978572684186,866.0071614583334,12.787498025133054,42
513,LSTM,2755.905094869053,2222.3743760850693,14.30704146440522,36
514,LSTM,1575.899837307721,1157.5447455512153,22.361025324777334,36
515,LSTM,1413.8205159831275,1179.2737358940972,14.052557257045983,36
516,LSTM,1766.6062834250945,1258.6307101779514,27.42638647408302,36
517,LSTM,1821.9570522168535,1494.1864556206597,28.428787232611775,36
518,LSTM,1784.0510389818455,1395.5406901041667,24.220200721838076,36
519,LSTM,4120.024253082663,3493.204630533854,66.98192255889168,36
520,LSTM,809.4946553315782,610.9112684461805,16.656962031814295,36
521,LSTM,899.3005891476467,759.3556315104166,15.516615066674117,36
522,LSTM,1626.1965115101837,1282.6822645399307,14.468289034196122,36
523,LSTM,1828.3426190633472,1495.8675944010417,12.044639883438007,36
524,LSTM,3340.318836894454,2438.5120791480654,60.231785351733144,42
525,LSTM,1105.8737333695053,881.676011827257,9.797776429965193,36
526,LSTM,3103.925801593709,2150.2034912109375,28.733361077501062,36
527,LSTM,1714.3840838161095,1450.5462510850693,14.333036058490519,36
528,LSTM,2355.37542507256,1667.484157986111,15.987476839041678,36
529,LSTM,2494.715125968259,2161.5982666015625,27.982937912976567,36
530,LSTM,1096.6997811537517,927.8742210751489,14.262638772302314,42
531,LSTM,863.5063276170608,712.513197157118,15.75753745978044,36
532,LSTM,1229.9426687534988,954.5399576822916,9.087079866843286,36
533,LSTM,3530.0767802663268,3010.495062934028,31.79314672460201,36
534,LSTM,2187.7206575401474,1790.1858045789932,26.889925596950388,36
535,LSTM,1824.8014309348555,1536.1736653645833,21.52606452020226,36
536,LSTM,2240.4044634033376,1563.2593315972222,23.594820807232953,36
537,LSTM,1650.3851597959258,1485.7293023003472,26.715842869817607,36
538,LSTM,1103.468803960326,819.1307101779514,27.248635144715017,36
539,LSTM,1638.0983935085508,1378.8285319010417,12.176180903959143,36
540,LSTM,1304.5865122261414,1074.4607476128472,15.28436082793766,36
541,LSTM,1801.7195956574521,1445.5995415581597,22.906420313635873,36
542,LSTM,1138.8279931264694,958.7421196831597,16.76575326422511,36
543,LSTM,1500.8533983655125,993.6716664632162,50.223390622561034,36
544,LSTM,3902.274695896252,2984.7926161024307,24.44491827978044,36
545,LSTM,2655.3418197310484,2052.332221137153,20.337381936204206,36
546,LSTM,2273.809762010693,1855.464816623264,12.69884724141901,36
547,LSTM,1054.4764225937797,784.549560546875,12.395699636952395,36
548,LSTM,1273.6895527084534,980.8223741319445,22.509666014713847,36
549,LSTM,845.0599220745476,641.7398817274305,15.756248470415212,36
550,LSTM,2296.6457996298923,2193.5562744140625,44.37601780043922,36
551,LSTM,1878.557028649394,1502.1734212239583,26.004237020519525,36
552,LSTM,3086.761820585747,2050.6966688368057,37.453763332569835,36
553,LSTM,2008.8397132580847,1575.9236518012153,23.503085602235426,36
554,LSTM,975.1523850434118,717.2505967881945,13.038783282229582,36
555,LSTM,783.1245081941148,660.8565131293403,14.416780715099154,36
556,LSTM,1586.339379601751,1218.6247016059028,19.97428986636808,36
557,LSTM,839.9784954867854,651.7223849826389,18.27271002625899,36
558,LSTM,518.3377663240283,416.0281575520833,12.28149046896865,36
559,LSTM,3193.2415507393403,2236.3222045898438,67.70797968463097,36
560,LSTM,2305.238809790231,1867.1822374131943,13.174302572495428,36
561,LSTM,1638.8076278898002,1377.6581217447917,21.287947511699166,36
562,LSTM,2327.4168216305616,1521.8474702380952,10.309289278704604,42
563,LSTM,1147.4192955642047,952.1513671875,24.780848150516167,36
564,LSTM,877.6732470913453,737.6375325520834,12.872285898974098,36
565,LSTM,1346.172394342284,892.5719943576389,15.999424279908773,36
566,LSTM,1360.1152480647372,1153.3526611328125,24.312985391172187,36
567,LSTM,1391.4711195134796,1079.4469197591145,25.46141203265505,36
568,LSTM,1448.219681899785,1202.664279513889,23.348647835721,36
569,LSTM,800.7113850823164,618.3612806532118,15.611525777312513,36
570,LSTM,1066.1772801412278,856.4549492730034,23.471774275611423,36
571,LSTM,2843.7737734397583,2377.5947536892363,30.885704993481205,36
572,LSTM,1620.0746255738902,1089.1787516276042,16.164174132545043,36
573,LSTM,1045.9487765070492,691.9111056857639,21.789453653800987,36
574,LSTM,1543.6519635177328,1222.5073106553818,13.753121510909855,36
575,LSTM,3715.155749169457,2287.9470655653213,68.46641012033702,36
576,LSTM,1492.927185609063,1207.8359917534722,21.06773628501358,36
577,LSTM,1036.6415370046284,835.1815049913195,16.46732271157235,36
578,LSTM,2429.420298887954,1954.5111839657739,20.735041607128814,42
579,LSTM,1585.5778657087976,1244.6574300130208,17.888082618616856,36
580,LSTM,1391.113312223943,1197.8636881510417,12.695342143883003,36
581,LSTM,1723.974999195971,1339.2792019314236,37.53604966308192,36
582,LSTM,1960.3422213466515,1508.635036892361,29.88758019152345,36
583,LSTM,1090.4891858274163,835.4200168185764,24.451068797009917,36
584,LSTM,778.2447004064207,625.5712076822916,13.754296451998613,36
585,LSTM,1237.8135549216988,999.2059461805555,20.994531293209004,36
586,LSTM,2996.7935526034053,2199.1265462239585,16.442013994936712,36
587,LSTM,2227.3214683324504,1890.9456108940972,19.865461173602604,36
588,LSTM,1106.2299218357275,934.834242078993,15.910756855503875,36
589,LSTM,1513.269125947549,1091.971408420139,28.75975897805057,36
590,LSTM,746.5235472694367,654.8727552625868,12.712052102573784,36
591,LSTM,1310.1126474704927,1044.613742404514,21.19209776156492,36
592,LSTM,1068.0908225686187,790.7614203559028,25.64327853820193,36
593,LSTM,2112.9887284529655,1812.518093532986,21.620581508089227,36
594,LSTM,1556.4740165283272,1217.284918891059,35.906862796093876,36
595,LSTM,9785.338391931065,8943.438313802084,66.40782194777431,36
596,LSTM,679.5269598538064,565.2034233940972,11.10731437262449,36
597,LSTM,935.1299039313025,722.4213189019097,15.400668776442869,36
598,LSTM,737.280129441245,635.6139865451389,11.25972155223456,36
599,LSTM,1435.3877520744204,1176.666015625,12.383613510803665,36
600,LSTM,1374.464122736375,1083.463650173611,14.429952547035722,36
601,LSTM,867.1918533920543,691.4630059136284,14.643448520632084,36
602,LSTM,1423.8399678700355,1031.0555962456597,19.08560575676901,36
603,LSTM,3033.172906604406,2552.5260416666665,39.20396783158701,36
604,LSTM,1310.7692829279054,1004.4414605034722,15.190515831546076,36
605,LSTM,1469.214760067027,1184.2013346354167,16.266680953969402,36
606,LSTM,1092.6079572740177,818.8638780381945,16.144788234025526,36
607,LSTM,1535.3550793011589,1067.5118713378906,60.99068065344015,36
608,LSTM,5784.530733409931,3826.6949327256943,63.250144105632565,36
609,LSTM,1769.9971826942299,1292.5354953342014,32.93210859262114,36
610,LSTM,1404.3694458692216,820.6961263020834,27.168359658817376,36
611,LSTM,744.6351681988123,621.1113959418403,10.316246064668665,36
612,LSTM,1618.9893338478041,1263.5032687717014,21.237159368293543,36
613,LSTM,974.2494805192431,729.310302734375,12.557557384144646,36
614,LSTM,1288.7872603963763,1101.7194688585068,16.136040558694525,36
615,LSTM,1635.919573126432,1267.5971544053818,14.653911213076503,36
616,LSTM,1590.1048152004885,1230.6752387152778,17.418111815898342,36
617,LSTM,2396.448936957961,1893.8041856553818,37.02130226585507,36
618,LSTM,1166.4265277102677,944.4149983723959,13.390265731668629,36
619,LSTM,2088.521240802744,1220.5824313693577,39.72637794870366,36
620,LSTM,1398.7260183032404,1156.5580512152778,14.031682292020916,36
621,LSTM,879.4244780744837,717.5264078776041,12.37843254939271,36
622,LSTM,1002.5336851216567,776.3023206922743,20.095345863634194,36
623,LSTM,1634.6519734774138,1090.498562282986,19.43662223059356,36
624,LSTM,1810.072072177906,1410.817138671875,23.722692594633767,36
625,LSTM,1456.3483875598554,1009.9744466145834,19.4583391005459,36
626,LSTM,2398.279287518024,1819.5392388237847,22.039596839039415,36
627,LSTM,1081.7309549342065,844.4009738498264,13.064771004793984,36
628,LSTM,2226.862960125631,1577.4834120008682,31.353375021948192,36
629,LSTM,974.2539926154325,796.0508355034722,13.581954586727313,36
630,LSTM,2858.5446869742505,1935.1400621202256,56.896516898697925,36
631,LSTM,1386.3007295399689,1139.4491238064236,23.374359662566548,36
632,LSTM,967.1300008948156,746.1299913194445,10.488619342446135,36
633,LSTM,1154.6911025318373,959.7502034505209,14.285942161784845,36
634,LSTM,2321.201601805854,1739.8934597439236,34.699863676461064,36
635,LSTM,2786.353527418375,1902.8465101453994,54.79025838115028,36
636,LSTM,2485.972163730556,1816.7731526692708,25.70341522124056,36
637,LSTM,1384.2090719212927,1083.7864312065972,11.962388338488921,36
638,LSTM,815.7305737680005,678.9874810112847,11.574535863824789,36
639,LSTM,1167.6451823750497,861.8012356228298,28.01536536773358,36
640,LSTM,1929.8347829394936,1539.3174913194443,13.593574499546335,36
641,LSTM,1547.290704260492,1046.8017578125,26.86492895217406,36
642,LSTM,540.9411995383963,398.69647216796875,14.02033671122958,36
643,LSTM,1830.2613042144583,1342.1671685112847,19.808515783056052,36
644,LSTM,1813.697566700816,1526.212890625,18.870967480606417,36
645,LSTM,2327.4628577057065,1758.6991644965278,16.872327911862286,36
646,LSTM,1002.948777120725,836.9983723958334,18.459194835399998,36
647,LSTM,1420.9805307770646,1025.4781901041667,19.826234220850157,36
648,LSTM,1028.81678361947,818.9343804253472,13.523079063396032,36
649,LSTM,1812.697224519365,1154.8958604600693,54.32777600836034,36
650,LSTM,973.231074589067,735.592271592882,12.761198060981021,36
651,LSTM,1216.4057926132718,987.7877197265625,14.896061376357435,36
652,LSTM,1866.7799041975882,1231.0060492621528,21.477061480539582,36
653,LSTM,1153.2124497885975,860.6024712456597,16.07829447864877,36
654,LSTM,2717.352309514904,1979.5031873914932,46.37624803051742,36
655,LSTM,2910.031384509953,2344.9949408637153,29.57413180308522,36
656,LSTM,657.2728180862905,491.8009033203125,14.9548442247011,36
657,LSTM,1842.6508813258927,1432.2521565755208,30.59036447090893,36
658,LSTM,1468.3432850919996,1130.1490207248264,22.691821852271662,36
659,LSTM,1301.7705537429808,926.4836357964409,21.015350856017886,36
660,LSTM,1593.2268791563447,1214.2840711805557,28.395682624379614,36
661,LSTM,1061.6833077652038,865.7706434461805,12.951503664452535,36
662,LSTM,2247.950124853366,1597.8940972222222,23.35995463983266,36
663,LSTM,1209.2389475753284,1042.9034016927083,18.23128194385295,36
664,LSTM,1756.0092849077805,1201.2713894314236,27.722747716903463,36
665,LSTM,1931.884571898201,1406.1605224609375,21.605521792698696,36
666,LSTM,1504.7475123328713,1133.1090359157986,16.749509454298245,36
667,LSTM,1661.9944222558136,1228.5713568793403,14.943369496941465,36
668,LSTM,1652.965629823506,1162.8156060112847,14.671990297396361,36
669,LSTM,761.7654158846672,641.389892578125,13.58046696316232,36
670,LSTM,1830.3133537307388,1382.4307996961807,24.08035270680844,36
671,LSTM,1490.0665698142968,1150.784396701389,18.071640871811407,36
672,LSTM,965.4315947131904,779.3269721137153,9.365620900357666,36
673,LSTM,2083.8841691462853,1769.8205702039932,24.847252978497757,36
674,LSTM,1839.771749442293,1322.4671223958333,20.20107775551669,36
675,LSTM,1209.085020252407,941.4767795138889,30.167425194738083,36
676,LSTM,2295.265202058474,1660.117431640625,19.611949287675095,42
677,LSTM,1493.9573513286334,1171.5098605685764,18.67014350916047,36
678,LSTM,2055.055438786275,1453.61572265625,20.11608861430184,36
679,LSTM,2197.6471664120804,1598.2151692708333,18.85015814087796,36
680,LSTM,917.9191801957744,724.9819064670139,14.269364848475243,36
681,LSTM,782.5460212788697,570.4018351236979,18.303764704862473,36
682,LSTM,2754.1279844428836,1855.1492513020833,18.73206378958395,42
683,LSTM,2051.1074913340676,1454.0848931206597,22.716706845835258,36
684,LSTM,1840.3936994861697,1484.7892659505208,18.063326488075113,36
685,LSTM,2376.965905971752,1669.018337673611,40.64698330814607,36
686,LSTM,2844.7873763135376,1843.0396118164062,48.26843188756281,36
687,LSTM,1527.1283589333916,1213.1011691623264,14.370581472107757,36
688,LSTM,1697.469263108931,1250.249708387587,56.78409971902568,36
689,LSTM,1152.827394843007,913.2867296006945,14.72508131482278,36
690,LSTM,1025.2486501131275,760.4969346788195,15.833359304197236,36
691,LSTM,1699.152604454167,1400.8331705729167,17.596401764922202,36
692,LSTM,2083.0559137975656,1470.283175998264,27.955856198609254,36
693,LSTM,3359.1444700224283,2181.1392347547744,41.86334896111564,36
694,LSTM,1174.1400868641904,989.769287109375,12.309164107012267,36
695,LSTM,2446.9638371174337,1744.096483018663,43.823674633824275,36
696,LSTM,1800.7303425649698,1334.4939371744792,16.34968631213286,36
697,LSTM,2233.58370403721,1763.9368760850693,16.277673332964397,36
698,LSTM,2509.2286138757095,2065.8803982204863,11.859017407544425,36
699,LSTM,1601.4651991712983,1203.2796630859375,16.383643593913618,36
700,LSTM,1363.3873477980605,1099.6665649414062,28.509408929655116,36
701,LSTM,1602.1676074945863,1187.7632649739583,20.543854496912502,36
702,LSTM,800.611144683574,637.5846625434028,15.917784806288166,36
703,LSTM,653.8319195005272,498.2505154079861,18.02586965816254,36
704,LSTM,2247.4459715246053,1604.778564453125,16.82247021991502,36
705,LSTM,2843.300201655114,2117.0426432291665,33.174590935103396,36
706,LSTM,1035.3832406557674,841.2811414930555,16.491844514828784,36
707,LSTM,2716.7091296893113,1906.7336018880208,28.924124039458505,36
708,LSTM,1208.6220833066193,874.0485161675347,13.731332605315957,36
709,LSTM,3875.7241475764667,2823.0015326605903,36.92629597074807,36
710,LSTM,1259.8245855352175,1042.3279351128472,24.455061434464177,36
711,LSTM,1587.1750230405887,1414.406711154514,26.760967992477426,36
712,LSTM,1105.5384963327456,853.1866183810764,14.812456520849985,36
713,LSTM,2186.670468203257,1738.8545735677083,21.269163802250002,36
714,LSTM,1105.3573930716468,945.72216796875,18.929915146217947,36
715,LSTM,3357.272744425701,2207.569132486979,64.0883833098298,36
716,LSTM,829.8372685847766,679.4464925130209,12.453200493462514,36
717,LSTM,1620.8577985951651,1304.0002577039932,27.593838030747982,36
718,LSTM,1451.0528042023166,1010.8298611111111,16.359619809201913,36
719,LSTM,977.2810360848405,808.9696994357639,17.174629939737194,36
720,LSTM,1350.0833699779662,1047.9468722873264,16.065570526061684,36
721,LSTM,1137.450335747844,935.4006754557291,13.096593378804833,36
722,LSTM,2016.1960809494233,1637.3228352864583,23.44821032632889,36
723,LSTM,1243.8218179064115,1011.8748372395834,12.80231385801794,36
724,LSTM,1162.4302031106024,898.644029405382,15.08617072548356,36
725,LSTM,989.9087647662387,846.3894721137153,15.503754801122547,36
726,LSTM,3277.76544627882,2387.927001953125,28.36038183384575,36
727,LSTM,991.9710358021013,694.7239312065972,18.698428983592866,36
728,LSTM,951.1253921999022,770.0299343532986,14.616402285368363,36
729,LSTM,2438.397405321451,1661.8308919270833,17.848719069821474,36
730,LSTM,1139.7055035071114,928.9386800130209,14.56939748716547,36
731,LSTM,2052.00781314184,1481.3528510199653,19.100346382848993,36
732,LSTM,2490.0591663407827,2205.170212518601,30.372334307744843,42
733,LSTM,1158.6031461072207,898.106189546131,6.386015148769113,42
734,LSTM,1555.2358623112486,1115.2705756293403,29.572122448953138,36
735,LSTM,1596.801459681743,1097.2979125976562,24.458962569006626,36
736,LSTM,1335.7079511931286,1120.1087917751736,25.71879025375302,36
737,LSTM,1841.6550044306687,1267.144314236111,25.137301639069737,36
738,LSTM,1121.7455077052887,873.7544623480903,10.534782520002707,36
739,LSTM,1892.97825044005,1471.9379069010417,14.809723429239998,36
740,LSTM,1108.7461976552356,851.793687608507,10.512532605103736,36
741,LSTM,1480.666931941169,1176.1994222005208,15.138493488215069,36
742,LSTM,1511.648439152911,1090.4755859375,14.095396627645643,36
743,LSTM,1533.5923804803251,1040.653835720486,36.9194590421586,36
744,LSTM,1001.145165851105,806.2187906901041,10.226101299827056,36
745,LSTM,3733.0985931173805,2592.5504014756943,54.76625828084364,36
746,LSTM,1593.2773948722865,1369.6607123480903,22.72405700329668,36
747,LSTM,1631.577405521449,1356.5799696180557,18.101980696103205,36
748,LSTM,1117.2050710428266,862.1873779296875,14.776027146487156,36
749,LSTM,1645.6509880601504,1121.0927056206597,36.40640387193715,36
750,LSTM,950.7060691391266,815.9507446289062,18.02000785879517,36
751,LSTM,903.8514004453826,634.6403333875868,16.98312986508791,36
752,LSTM,1507.6353950345958,1108.1559380425347,26.51828271659216,36
753,LSTM,1787.358942708531,1368.231960720486,19.806013326226005,36
754,LSTM,1635.5187911566545,1260.7619086371528,20.803142287791953,36
755,LSTM,1935.7083986798634,1429.4434407552083,15.397450281814162,36
756,LSTM,3153.7891279231203,2517.2928059895835,14.975934063115698,36
757,LSTM,1660.9703371604455,1138.4879964192708,19.59250711453179,36
758,LSTM,1311.4019882938878,915.3649970160591,22.733370484724524,36
759,LSTM,1985.5505972099768,1495.2611083984375,27.458050448586008,36
760,LSTM,875.738466337998,660.813218858507,7.999480803050058,36
761,LSTM,2065.339445846839,1701.7907172309028,21.5385374315509,36
762,LSTM,1147.1935086839253,982.8547905815972,25.82394993035934,36
763,LSTM,929.2340164736976,716.2920871310764,11.76151943836428,36
764,LSTM,1083.3990925545359,764.5039130316841,26.43410716817007,36
765,LSTM,1775.6772297037116,1361.3075086805557,16.971937871810784,36
766,LSTM,1311.5625838239857,997.8976643880209,15.884934472797543,36
767,LSTM,1881.7380242397974,1358.2503526475693,28.30961746085281,36
768,LSTM,2844.591945664761,2257.4283854166665,16.41553135258252,36
769,LSTM,1493.4741403729136,1197.498814174107,9.812382714326924,42
770,LSTM,1828.4161179433015,1615.2837049696182,41.82346899874439,36
771,LSTM,1302.3988321857144,1004.249525282118,15.811420843417427,36
772,LSTM,721.1180684132784,569.1361558702257,15.325505317856763,36
773,LSTM,840.5167364153797,641.5894097222222,13.072908396549954,36
774,LSTM,1021.5007346910996,741.6399468315972,15.277036808193479,36
775,LSTM,1394.1792506569834,1100.3507215711807,13.92563778080374,36
776,LSTM,1124.511512249654,837.4515041775173,17.412455108500787,36
777,LSTM,873.1761296163662,725.3671671549479,17.485868004028802,36
778,LSTM,1725.2147971639429,1074.8745930989583,20.936829119319267,36
779,LSTM,3414.3233543473834,2460.676961263021,59.92217598923698,36
780,LSTM,2327.42112673316,1673.398708767361,41.240967270324276,36
781,LSTM,2130.689700443652,1317.2838406032986,43.734140186724815,36
782,LSTM,1612.824024464511,1209.6396891276042,34.154520126414376,36
783,LSTM,1123.9852767060543,878.05078125,13.65606997793288,36
784,LSTM,1890.1308066368447,1472.000732421875,26.026553180324136,36
785,LSTM,1818.5111341406814,1399.2565511067708,19.98789678787676,36
786,LSTM,2105.305433421016,1424.5023040771484,91.48661953616839,36
787,LSTM,2096.4422382195526,1522.1178114149307,16.9372583947457,36
788,LSTM,2431.0357200839417,2000.856689453125,11.708638610603565,36
789,LSTM,468.3107028200281,383.20912000868054,10.640977360664925,36
790,LSTM,1284.5625423412555,1122.9807535807292,15.784643083287053,36
791,LSTM,1868.0817282548921,1376.7985161675347,17.85946196924197,36
792,LSTM,1951.1440396939122,1343.4395548502605,21.59222145727495,36
793,LSTM,1601.2641756371904,1076.6572265625,26.61524559875264,36
794,LSTM,516.063229253854,418.5284152560764,13.256737592933096,36
795,LSTM,999.4517933026898,739.6873779296875,18.815767945402513,36
796,LSTM,1832.8487204778246,1237.8700629340278,21.24979380133435,36
797,LSTM,760.0427321552746,638.3721449110243,12.716544423298872,36
798,LSTM,3972.1023019835648,2668.5885213216147,61.55068216275728,36
799,LSTM,1411.6413731235705,1045.7488606770833,10.95004522889999,36
800,LSTM,838.9695461491771,655.3469645182291,15.097434484339253,36
801,LSTM,1286.0503525297465,1043.7194010416667,20.626319612605325,36
802,LSTM,1207.9035904274042,915.8630913628472,12.565895739400574,36
803,LSTM,1308.8180925480099,955.9200710720486,19.057824611900053,36
804,LSTM,799.4390322275084,672.1660563151041,14.01956396608256,36
805,LSTM,1091.6714735281835,834.607177734375,16.253306776154265,36
806,LSTM,1533.4141052901157,1053.8088039822048,16.746568390624052,36
807,LSTM,1281.3203961216773,1049.1835394965278,11.113113144177758,36
808,LSTM,2524.8670705423456,1802.09423828125,29.839343294449172,36
809,LSTM,2283.489314298761,1738.2559000651042,20.9959634301168,36
810,LSTM,809.9986027653171,664.8048095703125,12.065070800126692,36
811,LSTM,767.2016501178358,653.6191134982639,15.6015355579214,36
812,LSTM,2894.064009691119,1847.4096544053818,44.447082082705805,36
813,LSTM,1079.6353831278664,827.6844618055555,15.018509224388799,36
814,LSTM,2365.8343579432985,1791.4210069444443,22.786330967605554,36
815,LSTM,1070.1498095540155,905.0381944444445,15.222006585363134,36
816,LSTM,1013.0135196258598,764.4095323350695,19.064674114414682,36
817,LSTM,3804.7188758206626,2939.6404622395835,16.89882443748906,36
818,LSTM,1906.5202077765673,1204.7509901258682,22.668560292968305,36
819,LSTM,906.7228794524902,711.616929796007,13.309457999928515,36
820,LSTM,2189.1336454999364,1836.228515625,15.89505704212243,36
821,LSTM,1754.7804754095912,1417.7177734375,22.673189085360708,36
822,LSTM,1484.323500635329,1188.8422987196182,17.066021640966607,36
823,LSTM,1134.7899193018668,817.5707736545139,16.124524644340706,36
824,LSTM,1465.6958259567577,1088.5789523654514,17.127790211710806,36
825,LSTM,889.9918632180021,708.0365397135416,14.973770217618753,36
826,LSTM,2038.5957430985725,1433.0353190104167,19.744571797727804,36
827,LSTM,2363.4034674222944,1875.0119086371528,11.830993810761038,36
828,LSTM,4899.790395157045,3795.6581759982637,94.18756967938884,36
829,LSTM,1084.7214376309632,849.0783420138889,16.219585380407697,36
830,LSTM,2769.1156953775417,2031.4534437391494,41.53825720248816,36
831,LSTM,2647.787371512024,1903.613525390625,18.974237998104112,36
832,LSTM,1051.3169955131998,843.7612711588541,12.857732747105926,36
833,LSTM,1309.2026891907956,1060.9332004123264,22.90244719103193,36
834,LSTM,1514.1034589099568,1116.9326714409722,23.5636103238147,36
835,LSTM,1474.441852621177,1074.7696533203125,23.59439761445854,36
836,LSTM,2893.1246082041334,2104.7237006293403,52.51964396992928,36
837,LSTM,1082.1256690009552,821.026597764757,27.19416522718489,36
838,LSTM,1753.634957379322,1357.8335910373264,17.839328904813666,36
839,LSTM,1354.808897209749,935.3731960720486,36.09903818717718,36
840,LSTM,2110.4708569842614,1561.3946397569443,36.66662186847022,36
841,LSTM,771.7299513702366,528.6769680447048,29.71383855224102,36
842,LSTM,2868.3844688296253,2453.51025390625,12.89989173628624,36
843,LSTM,1792.1345612739906,1422.5416666666667,14.274198771116096,36
844,LSTM,1406.7861582135101,901.4182807074653,31.468595833287093,36
845,LSTM,909.3814601346115,703.5378892686632,13.46907706156705,36
846,LSTM,2778.0129914758268,1818.2355278862847,24.49647439140767,36
847,LSTM,1789.4790849650676,1439.036105685764,23.994933443168893,36
848,LSTM,1840.76361514204,1504.6730821397568,21.044541149537434,36
849,LSTM,3196.8177000703217,2768.574652777778,34.847825443419126,36
850,LSTM,1496.7225103007295,1144.9701470269097,18.388186781599344,36
851,LSTM,1210.0875819926512,1082.2854546440972,22.185503670691695,36
852,LSTM,2175.2745352651245,1433.8741455078125,45.648434113468525,36
853,LSTM,1545.981452080842,1189.4304063585068,12.816850258406712,36
854,LSTM,1168.1483651385095,965.9244113498264,16.927314849998485,36
855,LSTM,1451.9490568376702,1006.6993815104166,19.727243063365687,36
856,LSTM,1083.4815338340795,855.4193386501736,11.904499372148754,36
857,LSTM,1959.562778851926,1682.4915771484375,21.985207378624782,36
858,LSTM,1177.445012574487,755.04541015625,15.85496523163035,36
859,LSTM,1066.425500659426,844.3990749782986,11.12806689501639,36
860,LSTM,1978.0171715867527,1772.0890977647568,29.75585463972854,36
861,LSTM,722.9105237675396,573.7590399848091,16.263293175291516,36
862,LSTM,1783.708588199624,1369.7929009331597,18.329794775706688,36
863,LSTM,2882.914554936969,2232.7845052083335,46.71414148640016,42
864,LSTM,1017.5155931215565,799.0768025716146,21.165895865139007,36
865,LSTM,1556.8491606449834,1294.6412896050347,16.72657774514871,36
866,LSTM,1204.13021844394,992.0943467881945,15.344523466047283,36
867,LSTM,1607.5868955341684,1242.759518577939,35.210180321034365,42
868,LSTM,1496.750559473476,1203.9613850911458,12.324142768063354,36
869,LSTM,2113.9933797157128,1656.4918145073784,35.673957145987934,36
870,LSTM,1959.7936474757287,1396.3162706163193,24.69175932888363,36
871,LSTM,1423.0420696179528,1187.631130642361,18.38905268564391,36
872,LSTM,1738.0630043503725,1402.0023328993057,20.976025701831976,36
873,LSTM,1137.2944705759792,764.8601820203993,27.389504208501307,36
874,LSTM,839.7734145580589,644.9078911675347,14.028181358294207,36
875,LSTM,1194.8989785109225,895.3242526584202,22.29873866499141,36
876,LSTM,5517.891430665183,3687.242974175347,56.46695862294453,36
877,LSTM,1229.2206144374516,917.6399387668919,18.77678066934957,37
878,LSTM,2225.718606635829,1585.086208767361,22.273098035125788,36
879,LSTM,811.6678901941613,604.6621161566841,16.623220721075587,36
880,LSTM,1527.1945257986065,1084.2706841362847,14.883559861296597,36
881,LSTM,1285.8359117258267,991.4018147786459,30.136260272869613,36
882,LSTM,819.6849370352638,651.5761990017361,11.578198030343009,36
883,LSTM,1130.6887656329295,794.6426120334202,22.244161790421163,36
884,LSTM,1176.1322585374978,967.8433837890625,16.751221602195308,36
885,LSTM,643.8332519773187,541.7469753689236,9.63593351456171,36
886,LSTM,1520.2195239047128,1230.7467312282986,20.94724070545456,36
887,LSTM,1459.6849818691949,1134.5868598090278,16.508659763116736,36
888,LSTM,1409.816373584679,1196.8517252604167,14.590578927095393,36
889,LSTM,986.4868757565664,751.9139539930555,22.934962690910847,36
890,LSTM,1484.1074581902656,1095.595954047309,18.21813251219363,36
891,LSTM,1566.0965764900534,1139.8610297309028,16.714955149610088,36
892,LSTM,2986.89319305419,2194.4421997070312,40.11820501812452,36
893,LSTM,1209.5302435406393,877.9867621527778,15.403160608171673,36
894,LSTM,2048.690747355465,1588.3082275390625,22.13947651376662,36
895,LSTM,1446.8252662548339,1227.6844075520833,12.20895053470389,36
896,LSTM,1226.9095032110904,986.154527452257,14.793747803486045,36
897,LSTM,611.9318546197021,506.53883870442706,16.665650352436845,36
898,LSTM,3495.0660213180313,2582.1581759982637,66.10019944097998,36
899,LSTM,2901.683731343614,1778.5113186306423,63.925239047212735,36
900,LSTM,1295.6086346983611,1049.2491455078125,16.141089060311657,36
901,LSTM,1686.6695784819608,1249.1463216145833,20.065544723769367,36
902,LSTM,926.5676269184377,812.6034478081597,22.19239612459126,36
903,LSTM,1526.0871556637646,1195.254665798611,10.495281998511679,36
904,LSTM,947.3541586339988,707.8669026692709,11.66044715122028,36
905,LSTM,1462.1031193454835,1003.9022488064236,17.875222745693364,36
906,LSTM,1670.5627986195245,1298.9039984809028,12.264000392984196,36
907,LSTM,1175.6600269453202,915.2149929470486,15.069227870207335,36
908,LSTM,1859.0280684518557,1176.4297485351562,42.82454192589256,36
909,LSTM,10037.767790661122,6760.489346590909,48.80956345663441,22
910,LSTM,1639.82224818962,1330.306640625,25.87866242680108,36
911,LSTM,2017.799900201441,1514.7437608506943,17.386396800487457,36
912,LSTM,1069.7241748193771,868.7973836263021,14.502504317202385,36
913,LSTM,1720.1393302328772,1334.6563449435764,17.439469928589304,36
914,LSTM,1926.6971464243113,1403.7128499348958,18.416004646575345,36
915,LSTM,1741.5368575582154,1478.0500081380208,24.54327970035426,36
916,LSTM,1117.322515866702,872.011216905382,16.362439250116477,36
917,LSTM,1496.457758211626,1097.5909559461807,20.00613403337968,36
918,LSTM,1381.2716900014507,996.5206705729166,26.865768437132186,36
919,LSTM,1580.4630592854528,1302.7206217447917,28.96819269626733,36
920,LSTM,860.255474748074,662.6344265407986,9.984086828693092,36
921,LSTM,3438.3885728883392,2239.2492947048613,42.41784098692887,36
922,LSTM,1201.7696834132666,1013.5390353732639,13.36482651974578,36
923,LSTM,583.5111234937299,495.10667588975696,9.86950089449939,36
924,LSTM,1240.0094017723109,959.7986721462673,24.77962387489942,36
925,LSTM,1092.0879404377579,848.9022216796875,13.030045979139377,36
926,LSTM,1572.544905845563,1231.0125868055557,17.207178047614754,36
927,LSTM,1686.9124778823032,1190.6113416883682,22.65086442670377,36
928,LSTM,2043.492399595989,1563.3516981336807,21.579589786619692,36
929,LSTM,1014.9839685046385,741.3949924045139,13.949472547839378,36
930,LSTM,1348.382186348076,1059.398708767361,16.542307193835956,36
931,LSTM,1262.3270363148051,1016.1887730189732,25.035113785207407,42
932,LSTM,2123.6376311188305,1500.2603081597222,22.089159703041794,36
933,LSTM,4719.697762359474,3202.5811971028647,66.04858222193234,36
934,LSTM,1473.877155424764,1103.6996663411458,17.31486736253801,36
935,LSTM,1416.3483375442715,1110.4666205512153,20.030702722917326,36
936,LSTM,1019.4129433426986,771.100816514757,12.56291305039776,36
937,LSTM,1283.557115231095,1032.6842854817708,14.195689552033661,36
938,LSTM,1869.7502965219685,1436.2980414496528,15.617804918530073,36
939,LSTM,1169.1440277802897,967.1309475368923,17.387713167852816,36
940,LSTM,1760.962272674438,1284.3368191189236,19.595357729331486,36
941,LSTM,1352.9726023337694,934.9858127170139,20.073960098867033,36
942,LSTM,1257.220131498276,979.7491455078125,15.158429071667612,36
943,LSTM,1112.0841355367527,848.9630262586805,12.956201966260714,36
944,LSTM,1349.5036202146835,1214.1453857421875,18.101703190897336,36
945,LSTM,950.9628705661015,720.726793077257,19.336752791927005,36
946,LSTM,1006.938159509906,751.9781155056423,20.961138898473266,36
947,LSTM,1608.2523509665052,1227.3978407118057,18.566508497558328,36
948,LSTM,1539.7109529183267,1073.6298014322917,12.489106907129937,42
949,LSTM,1755.3354610624924,1166.6102837456597,29.95692916306542,36
950,LSTM,1497.8707084917182,1011.184326171875,20.521033735604487,36
951,LSTM,1860.5774643410243,1395.4670003255208,17.818986949370387,36
952,LSTM,802.0889083999776,628.2418755425347,11.361188403885945,36
953,LSTM,2178.547320384927,1562.387478298611,45.39295489776714,36
954,LSTM,1617.592140076557,1184.5039198133682,20.067831892942355,36
955,LSTM,959.6075791795754,819.5920681423611,17.770239291759765,36
956,LSTM,1024.4368052318987,755.678941514757,35.96041337393754,36
957,LSTM,2606.0295897789583,1725.4894205729167,29.658211210618475,36
958,LSTM,677.5772873412708,476.87456597222223,14.583453931005511,36
959,LSTM,1778.7865746454142,1360.5584716796875,23.615081604348287,36
960,LSTM,1277.4511770315523,984.2694905598959,15.227259331696471,36
961,LSTM,1127.8684142831498,845.1754964192709,14.732327160064242,36
962,LSTM,1543.6749344732382,1123.990743001302,19.29279183875532,36
963,LSTM,7290.668603611185,5474.8758544921875,86.31987040241609,36
964,LSTM,2247.4007887597704,1963.3321397569443,24.421323666046465,36
965,LSTM,2455.7774509122264,1833.0413140190972,27.407878730107864,36
966,LSTM,838.9760917582167,613.436279296875,15.113505777212724,36
967,LSTM,1943.1354982125904,1513.1771918402778,21.374531682583502,36
968,LSTM,1525.5778237334036,1079.0481363932292,16.925762924609643,36
969,LSTM,716.0685943666948,522.9921942816841,13.50617321056119,36
970,LSTM,1353.8946493569492,920.9859958224827,59.232915159664465,36
971,LSTM,2228.1770062379073,1724.3141954210068,18.821164585530145,36
972,LSTM,1115.8680379921852,794.5848490397135,36.511774821918834,36
973,LSTM,2781.3287892541975,2320.656019422743,38.75567168315719,36
974,LSTM,2570.337363862884,1806.42333984375,16.144912567985433,36
975,LSTM,1539.9765306815345,1186.6377902560764,16.77305417352094,36
976,LSTM,1767.344746345754,1253.3533393012153,22.539919373917865,36
977,LSTM,1624.6808137118078,1172.1826578776042,30.281889910061526,36
978,LSTM,2474.596679173339,1441.822726779514,24.183451368443425,36
979,LSTM,1525.3173790419567,1219.7723931206597,20.02853884007032,36
980,LSTM,1478.6205462993594,1041.0082600911458,19.697255505294393,36
981,LSTM,1756.1291145271668,1477.7634412977432,24.1561449113732,36
982,LSTM,2165.963895625722,1650.0919053819443,21.604001434286012,36
983,LSTM,2149.725248593371,1745.670193142361,21.342941335415247,36
984,LSTM,1643.6880377791647,1266.7315199110244,21.136763841251547,36
985,LSTM,1557.163259741551,1251.5472005208333,15.634490621878156,36
986,LSTM,1139.8917783256393,945.4732598198784,21.09442552916869,36
987,LSTM,1927.452973723391,1360.0792236328125,26.86545580976063,36
988,LSTM,967.6226375456379,754.0316026475695,14.633940314729887,36
989,LSTM,2763.2995101553306,1956.9951171875,44.40696858956056,36
990,LSTM,1120.169006526604,907.2345513237847,14.912278016331527,36
991,LSTM,790.2382542127084,650.2124430338541,11.840940775441501,36
992,LSTM,1314.2893615447917,917.8212483723959,23.542851907986748,36
993,LSTM,2106.733117400543,1663.2762586805557,25.22996132044965,36
994,LSTM,2040.1360224657253,1427.3234049479167,40.54856166860781,36
995,LSTM,1383.45647437777,1138.7202012803818,12.407674123185561,36
996,LSTM,3296.706295453851,2461.5999416775176,44.54367976227863,36
997,LSTM,1474.5089923850253,1019.5838894314236,22.919575592107407,36
998,LSTM,652.4989621047359,560.9016655815972,12.306803798507598,36
999,LSTM,2692.9921924433856,2194.229193793403,27.881321020951695,36
1000,LSTM,999.4474908277201,821.8720024956597,12.01979369521408,36
1001,LSTM,1811.5016164590354,1215.2803887261284,27.44581376385463,36
1002,LSTM,1277.8802607672767,1070.2333034939236,16.683107487666533,36
1003,LSTM,2283.895694982744,1491.7254096137153,27.145021886573538,36
1004,LSTM,1629.1432140447578,1404.9719102647568,29.159745013990573,36
1005,LSTM,1074.9511106692294,874.8438178168403,15.363876706359505,36
1006,LSTM,1275.5461465397811,947.1319851345486,14.496722270531254,36
1007,LSTM,1216.655709081358,988.1358913845486,13.856227468410454,36
1008,LSTM,1121.715314577161,932.9602118598091,17.210056919528615,36
1009,LSTM,1057.4623968178569,731.661390516493,17.53433929938008,36
1010,LSTM,1991.7232074707654,1750.4625108506943,20.027260790709796,36
1011,LSTM,1466.3603010035233,1187.4101969401042,16.829882483847346,36
1012,LSTM,1211.5542326056914,1033.546169704861,19.774591899939992,36
1013,LSTM,1099.1793855120306,763.4143676757812,28.236820605128166,36
1014,LSTM,3991.0670628482485,3035.4229600694443,44.7086215021805,36
1015,LSTM,1327.0600779661518,1136.8155517578125,21.218443642729305,36
1016,LSTM,1423.6926334916639,1156.8919677734375,22.448263484799874,36
1017,LSTM,1318.469688066011,969.2230088975695,18.492005607306204,36
1018,LSTM,2239.611379572853,1793.974392361111,17.746299218344355,36
1019,LSTM,2625.5885282563854,1870.6441243489583,23.047952206022224,36
1020,LSTM,1282.8383041019385,1047.9069146050347,12.982280685279695,36
1021,LSTM,1634.3933302137145,1348.8744032118057,14.214738749541175,36
1022,LSTM,1861.1247130173342,1075.1795518663193,17.453662230605904,36
1023,LSTM,1435.9529924052094,1077.8425428602432,21.088221468091476,36
1024,LSTM,1051.3910292368564,869.0346001519097,16.503933569761312,36
1025,LSTM,1187.7941143060132,905.9219428168403,12.96159832629492,36
1026,LSTM,1875.615469408515,1474.297824435764,16.795272203175358,36
1027,LSTM,3588.8747150347517,2951.4273274739585,25.21173795549415,36
1028,LSTM,1701.8594086848684,1073.035183376736,26.645501776200632,36
1029,LSTM,2534.030526074476,1717.2694227430557,64.26275360178958,36
1030,LSTM,1639.3858760226478,1156.3986172146267,50.21602556653653,36
1031,LSTM,1298.5400322972002,1004.6329074435764,23.61481025512845,36
1032,LSTM,3595.727436034981,2800.2666829427085,41.94615539090684,36
1033,LSTM,3304.299505594906,2383.4883897569443,20.421639716777445,36
1034,LSTM,2811.2745849741204,2005.9998643663193,49.50312297663814,36
1035,LSTM,2408.535165430311,1687.3339979383682,55.765461443839435,36
1036,LSTM,782.1033466142866,661.8868747287327,14.082625099642538,36
1037,LSTM,1519.7097697183922,1185.5912543402778,21.520360267214254,36
1038,LSTM,855.5827593925757,675.989271375868,12.3354374400224,36
1039,LSTM,2568.493262903785,2197.7413736979165,29.456057090827485,36
1040,LSTM,1828.4759874933857,1202.4097764756943,15.079593279814246,36
1041,LSTM,842.6795580276952,672.22265625,10.909932510340706,36
1042,LSTM,1064.2773209353286,831.5436469184028,23.38585744982232,36
1043,LSTM,1289.592470880617,993.7620713975695,13.121459815362464,36
1044,LSTM,1626.0453125220934,1385.2185601128472,24.87826821222766,36
1045,LSTM,3288.5185508132276,2877.2916027250744,36.146662465925225,42
1046,LSTM,2066.556324560051,1748.741183810764,22.14732573301435,36
1047,LSTM,1287.7468041859456,924.9250081380209,20.519702523658626,36
1048,LSTM,3128.741707998544,2218.2204861111113,33.71458765202214,36
1049,LSTM,828.7930757895737,669.8215128580729,18.98087616108093,36
1050,LSTM,1289.0703940877625,1122.1791585286458,16.875184119611514,36
1051,LSTM,1965.4096206627478,1490.6711561414932,21.35166038990534,36
1052,LSTM,1674.5903894860503,1200.8593207465278,20.317669303603626,36
1053,LSTM,2192.929453566761,1520.3040093315972,21.63916161452815,36
1054,LSTM,1637.667480955295,1221.8845825195312,23.415691686019947,36
1055,LSTM,1483.0063148160104,1158.8899332682292,16.689990583764732,36
1056,LSTM,1157.0099334204763,993.008056640625,23.0225345019122,36
1057,LSTM,1222.0158506315718,1033.8251410590278,17.98669096859188,36
1058,LSTM,1545.326366050772,1183.4097493489583,20.107378129929437,36
1059,LSTM,1507.3300179846722,1241.0048149956597,14.465057715532442,36
1060,LSTM,1692.7429724913095,1244.104953342014,19.075281482288066,36
1061,LSTM,1492.822150498231,1340.2283664279514,17.59195040252763,36
1062,LSTM,1228.542310629568,875.5043674045139,15.803243242556956,36
1063,LSTM,1137.0768573821279,844.5812649197048,22.81737857487885,36
1064,LSTM,1588.4626102492455,1198.5616590711807,13.583192429168983,36
1065,LSTM,1024.9340658243282,798.9266493055555,22.772286135377946,36
1066,LSTM,2065.857475462927,1776.4158799913193,19.838506348117228,36
1067,LSTM,923.0348307906058,715.2719455295139,12.398192244616794,36
1068,LSTM,725.0184223726233,573.545667860243,12.612065975519254,36
1069,LSTM,3621.408209339913,2633.9706149631074,61.6153757578772,36
1070,LSTM,1772.3051111119973,1347.7389458550347,20.324847194580695,36
1071,LSTM,1092.9500476393193,817.2306722005209,15.305495741422831,36
1072,LSTM,2376.689172520763,1790.1698472764756,31.060348388449206,36
1073,LSTM,2327.982246026779,1923.7838134765625,22.361198538181565,36
1074,LSTM,1162.6315092180616,957.5444539388021,20.40485729576009,36
1075,LSTM,1109.2026945055973,952.260498046875,8.224097805882671,36
1076,LSTM,906.6556123926564,692.2672051323784,19.626993887957113,36
1077,LSTM,1242.2996606186973,773.9764133029514,23.352704706798633,36
1078,LSTM,2231.3612296148945,1561.8783230251736,26.560369424605867,36
1079,LSTM,2111.7610408802807,1520.1385498046875,20.97374077457871,36
1080,LSTM,1469.3776551995409,1152.631076388889,10.518729069324545,36
1081,LSTM,2053.214585838823,1691.7759893508185,32.85831873502189,42
1082,LSTM,1626.8959632030312,1186.9825575086807,22.00127461658855,36
1083,LSTM,951.7151737999048,785.9910617404514,14.62374071518768,36
1084,LSTM,1116.6683403009415,871.8209906684028,14.060905589719694,36
1085,LSTM,1427.2077965540207,1033.2089301215278,17.53359155133325,36
1086,LSTM,1885.3810886715175,1273.511745876736,29.857058772635742,36
1087,LSTM,1057.4208476967924,908.6426730685764,14.372192523316372,36
1088,LSTM,1517.9872527843906,1039.1470065646702,26.961716765293815,36
1089,LSTM,1557.7624468951146,1278.7610270182292,12.785437269582422,36
1090,LSTM,2853.8312220674766,2156.055135091146,47.526398020130806,36
1091,LSTM,1744.656194089681,1320.013699001736,16.02039707122653,36
1092,LSTM,1685.879316353304,1420.2276204427083,11.788619880142543,36
1093,LSTM,1433.195043879301,1089.3723958333333,14.033494149879733,36
1094,LSTM,953.6956524177223,757.1544257269966,16.745847919819315,36
1095,LSTM,1227.1480117565668,811.4190945095486,21.9711426645187,36
1096,LSTM,1203.6622925047386,851.8222249348959,15.82308500058161,36
1097,LSTM,2085.921167466493,1536.3580729166667,16.223991695831167,42
1098,LSTM,2236.385372561886,1617.9164021809895,44.24488045201868,36
1099,LSTM,2536.9634156660736,2084.1038992745534,26.513980595415347,42
1100,LSTM,2071.8917969673766,1483.6741994222004,35.40953236366332,36
1101,LSTM,2118.3180253814608,1670.1331380208333,16.940685935761287,36
1102,LSTM,1091.424016588276,864.9800754123264,13.43156984238606,36
1103,LSTM,979.257661045495,805.9771185980903,13.818760122817878,36
1104,LSTM,919.7460877840819,793.4750773111979,14.314115306008995,36
1105,LSTM,1412.737570808795,1079.6181030273438,22.424180369529605,36
1106,LSTM,1321.4087178178222,989.0296223958334,24.176682128105796,36
1107,LSTM,2482.4480820611807,1698.9371541341145,28.031800487577996,36
1108,LSTM,2136.9374825346317,1505.7293701171875,41.65252356583517,36
1109,LSTM,1506.5510463294866,1055.9504258897568,25.131779207545467,36
1110,LSTM,1517.8969820175746,1038.624504937066,30.232660060666245,36
1111,LSTM,2594.3009676117977,1550.059590657552,46.32281239866113,36
1112,LSTM,1995.3959201898379,1436.7172715928818,18.160902461463802,36
1113,LSTM,1028.8169434755937,812.4324137369791,13.530612160119148,36
1114,LSTM,2345.0628910868622,1942.386990017361,8.792043504799805,36
1115,LSTM,1923.6231080549803,1669.0146348741318,25.714741664255975,36
